groupId,artifactId,version,licences declarees (POM / parent),URLs licences,source POM
ch.qos.logback,logback-classic,1.5.18,Eclipse Public License - v 1.0 | GNU Lesser General Public License,http://www.eclipse.org/legal/epl-v10.html | http://www.gnu.org/licenses/old-licenses/lgpl-2.1.html,https://repo.maven.apache.org/maven2/ch/qos/logback/logback-classic/1.5.18/logback-classic-1.5.18.pom
ch.qos.logback,logback-classic,1.5.34,EPL-2.0 | LGPL-2.1-only,https://www.eclipse.org/legal/epl-v20.html | https://www.gnu.org/licenses/old-licenses/lgpl-2.1.html,https://repo.maven.apache.org/maven2/ch/qos/logback/logback-classic/1.5.34/logback-classic-1.5.34.pom
ch.qos.logback,logback-classic,1.5.38,EPL-2.0 | LGPL-2.1-only,https://www.eclipse.org/legal/epl-v20.html | https://www.gnu.org/licenses/old-licenses/lgpl-2.1.html,https://repo.maven.apache.org/maven2/ch/qos/logback/logback-classic/1.5.38/logback-classic-1.5.38.pom
ch.qos.logback,logback-core,1.5.18,Eclipse Public License - v 1.0 | GNU Lesser General Public License,http://www.eclipse.org/legal/epl-v10.html | http://www.gnu.org/licenses/old-licenses/lgpl-2.1.html,https://repo.maven.apache.org/maven2/ch/qos/logback/logback-core/1.5.18/logback-core-1.5.18.pom
ch.qos.logback,logback-core,1.5.34,EPL-2.0 | LGPL-2.1-only,https://www.eclipse.org/legal/epl-v20.html | https://www.gnu.org/licenses/old-licenses/lgpl-2.1.html,https://repo.maven.apache.org/maven2/ch/qos/logback/logback-core/1.5.34/logback-core-1.5.34.pom
ch.qos.logback,logback-core,1.5.38,EPL-2.0 | LGPL-2.1-only,https://www.eclipse.org/legal/epl-v20.html | https://www.gnu.org/licenses/old-licenses/lgpl-2.1.html,https://repo.maven.apache.org/maven2/ch/qos/logback/logback-core/1.5.38/logback-core-1.5.38.pom
ch.qos.logback,logback-parent,1.5.18,Eclipse Public License - v 1.0 | GNU Lesser General Public License,http://www.eclipse.org/legal/epl-v10.html | http://www.gnu.org/licenses/old-licenses/lgpl-2.1.html,https://repo.maven.apache.org/maven2/ch/qos/logback/logback-parent/1.5.18/logback-parent-1.5.18.pom
ch.qos.logback,logback-parent,1.5.34,EPL-2.0 | LGPL-2.1-only,https://www.eclipse.org/legal/epl-v20.html | https://www.gnu.org/licenses/old-licenses/lgpl-2.1.html,https://repo.maven.apache.org/maven2/ch/qos/logback/logback-parent/1.5.34/logback-parent-1.5.34.pom
ch.qos.logback,logback-parent,1.5.38,EPL-2.0 | LGPL-2.1-only,https://www.eclipse.org/legal/epl-v20.html | https://www.gnu.org/licenses/old-licenses/lgpl-2.1.html,https://repo.maven.apache.org/maven2/ch/qos/logback/logback-parent/1.5.38/logback-parent-1.5.38.pom
com.fasterxml,classmate,1.7.0,"Apache License, Version 2.0",https://www.apache.org/licenses/LICENSE-2.0.txt,https://repo.maven.apache.org/maven2/com/fasterxml/classmate/1.7.0/classmate-1.7.0.pom
com.fasterxml,classmate,1.7.3,"Apache License, Version 2.0",https://www.apache.org/licenses/LICENSE-2.0.txt,https://repo.maven.apache.org/maven2/com/fasterxml/classmate/1.7.3/classmate-1.7.3.pom
com.fasterxml.jackson.core,jackson-annotations,2.19.0,"The Apache Software License, Version 2.0",https://www.apache.org/licenses/LICENSE-2.0.txt,https://repo.maven.apache.org/maven2/com/fasterxml/jackson/core/jackson-annotations/2.19.0/jackson-annotations-2.19.0.pom
com.fasterxml.jackson.core,jackson-annotations,2.21,"The Apache Software License, Version 2.0",https://www.apache.org/licenses/LICENSE-2.0.txt,https://repo.maven.apache.org/maven2/com/fasterxml/jackson/core/jackson-annotations/2.21/jackson-annotations-2.21.pom
com.fasterxml.jackson.core,jackson-core,2.19.0,"The Apache Software License, Version 2.0",https://www.apache.org/licenses/LICENSE-2.0.txt,https://repo.maven.apache.org/maven2/com/fasterxml/jackson/core/jackson-core/2.19.0/jackson-core-2.19.0.pom
com.fasterxml.jackson.core,jackson-core,2.21.4,"The Apache Software License, Version 2.0",https://www.apache.org/licenses/LICENSE-2.0.txt,https://repo.maven.apache.org/maven2/com/fasterxml/jackson/core/jackson-core/2.21.4/jackson-core-2.21.4.pom
com.fasterxml.jackson.core,jackson-core,2.21.5,"The Apache Software License, Version 2.0",https://www.apache.org/licenses/LICENSE-2.0.txt,https://repo.maven.apache.org/maven2/com/fasterxml/jackson/core/jackson-core/2.21.5/jackson-core-2.21.5.pom
com.fasterxml.jackson.core,jackson-databind,2.19.0,"The Apache Software License, Version 2.0",https://www.apache.org/licenses/LICENSE-2.0.txt,https://repo.maven.apache.org/maven2/com/fasterxml/jackson/core/jackson-databind/2.19.0/jackson-databind-2.19.0.pom
com.fasterxml.jackson.core,jackson-databind,2.21.4,"The Apache Software License, Version 2.0",https://www.apache.org/licenses/LICENSE-2.0.txt,https://repo.maven.apache.org/maven2/com/fasterxml/jackson/core/jackson-databind/2.21.4/jackson-databind-2.21.4.pom
com.fasterxml.jackson.core,jackson-databind,2.21.5,"The Apache Software License, Version 2.0",https://www.apache.org/licenses/LICENSE-2.0.txt,https://repo.maven.apache.org/maven2/com/fasterxml/jackson/core/jackson-databind/2.21.5/jackson-databind-2.21.5.pom
com.fasterxml.jackson.dataformat,jackson-dataformat-csv,2.21.5,"The Apache Software License, Version 2.0",https://www.apache.org/licenses/LICENSE-2.0.txt,https://repo.maven.apache.org/maven2/com/fasterxml/jackson/dataformat/jackson-dataformat-csv/2.21.5/jackson-dataformat-csv-2.21.5.pom
com.fasterxml.jackson.dataformat,jackson-dataformat-smile,2.21.5,"The Apache Software License, Version 2.0",https://www.apache.org/licenses/LICENSE-2.0.txt,https://repo.maven.apache.org/maven2/com/fasterxml/jackson/dataformat/jackson-dataformat-smile/2.21.5/jackson-dataformat-smile-2.21.5.pom
com.fasterxml.jackson.dataformat,jackson-dataformat-xml,2.21.5,"The Apache Software License, Version 2.0",http://www.apache.org/licenses/LICENSE-2.0.txt,https://repo.maven.apache.org/maven2/com/fasterxml/jackson/dataformat/jackson-dataformat-xml/2.21.5/jackson-dataformat-xml-2.21.5.pom
com.fasterxml.jackson.dataformat,jackson-dataformat-yaml,2.21.5,"The Apache Software License, Version 2.0",https://www.apache.org/licenses/LICENSE-2.0.txt,https://repo.maven.apache.org/maven2/com/fasterxml/jackson/dataformat/jackson-dataformat-yaml/2.21.5/jackson-dataformat-yaml-2.21.5.pom
com.fasterxml.jackson.dataformat,jackson-dataformats-binary,2.21.5,"The Apache Software License, Version 2.0",https://www.apache.org/licenses/LICENSE-2.0.txt,https://repo.maven.apache.org/maven2/com/fasterxml/jackson/dataformat/jackson-dataformats-binary/2.21.5/jackson-dataformats-binary-2.21.5.pom
com.fasterxml.jackson.dataformat,jackson-dataformats-text,2.21.5,"The Apache Software License, Version 2.0",https://www.apache.org/licenses/LICENSE-2.0.txt,https://repo.maven.apache.org/maven2/com/fasterxml/jackson/dataformat/jackson-dataformats-text/2.21.5/jackson-dataformats-text-2.21.5.pom
com.fasterxml.jackson.datatype,jackson-datatype-jdk8,2.19.0,"The Apache Software License, Version 2.0",http://www.apache.org/licenses/LICENSE-2.0.txt,https://repo.maven.apache.org/maven2/com/fasterxml/jackson/datatype/jackson-datatype-jdk8/2.19.0/jackson-datatype-jdk8-2.19.0.pom
com.fasterxml.jackson.datatype,jackson-datatype-jdk8,2.21.4,"The Apache Software License, Version 2.0",http://www.apache.org/licenses/LICENSE-2.0.txt,https://repo.maven.apache.org/maven2/com/fasterxml/jackson/datatype/jackson-datatype-jdk8/2.21.4/jackson-datatype-jdk8-2.21.4.pom
com.fasterxml.jackson.datatype,jackson-datatype-jdk8,2.21.5,"The Apache Software License, Version 2.0",http://www.apache.org/licenses/LICENSE-2.0.txt,https://repo.maven.apache.org/maven2/com/fasterxml/jackson/datatype/jackson-datatype-jdk8/2.21.5/jackson-datatype-jdk8-2.21.5.pom
com.fasterxml.jackson.datatype,jackson-datatype-jsr310,2.19.0,"The Apache Software License, Version 2.0",http://www.apache.org/licenses/LICENSE-2.0.txt,https://repo.maven.apache.org/maven2/com/fasterxml/jackson/datatype/jackson-datatype-jsr310/2.19.0/jackson-datatype-jsr310-2.19.0.pom
com.fasterxml.jackson.datatype,jackson-datatype-jsr310,2.21.4,"The Apache Software License, Version 2.0",http://www.apache.org/licenses/LICENSE-2.0.txt,https://repo.maven.apache.org/maven2/com/fasterxml/jackson/datatype/jackson-datatype-jsr310/2.21.4/jackson-datatype-jsr310-2.21.4.pom
com.fasterxml.jackson.datatype,jackson-datatype-jsr310,2.21.5,"The Apache Software License, Version 2.0",http://www.apache.org/licenses/LICENSE-2.0.txt,https://repo.maven.apache.org/maven2/com/fasterxml/jackson/datatype/jackson-datatype-jsr310/2.21.5/jackson-datatype-jsr310-2.21.5.pom
com.fasterxml.jackson,jackson-base,2.19.0,"The Apache Software License, Version 2.0",http://www.apache.org/licenses/LICENSE-2.0.txt,https://repo.maven.apache.org/maven2/com/fasterxml/jackson/jackson-base/2.19.0/jackson-base-2.19.0.pom
com.fasterxml.jackson,jackson-base,2.21.4,"The Apache Software License, Version 2.0",http://www.apache.org/licenses/LICENSE-2.0.txt,https://repo.maven.apache.org/maven2/com/fasterxml/jackson/jackson-base/2.21.4/jackson-base-2.21.4.pom
com.fasterxml.jackson,jackson-base,2.21.5,"The Apache Software License, Version 2.0",http://www.apache.org/licenses/LICENSE-2.0.txt,https://repo.maven.apache.org/maven2/com/fasterxml/jackson/jackson-base/2.21.5/jackson-base-2.21.5.pom
com.fasterxml.jackson,jackson-bom,2.13.4.20221013,"Apache License, Version 2.0",http://www.apache.org/licenses/LICENSE-2.0.txt,https://repo.maven.apache.org/maven2/com/fasterxml/jackson/jackson-bom/2.13.4.20221013/jackson-bom-2.13.4.20221013.pom
com.fasterxml.jackson,jackson-bom,2.17.2,"Apache License, Version 2.0",http://www.apache.org/licenses/LICENSE-2.0.txt,https://repo.maven.apache.org/maven2/com/fasterxml/jackson/jackson-bom/2.17.2/jackson-bom-2.17.2.pom
com.fasterxml.jackson,jackson-bom,2.19.0,"Apache License, Version 2.0",http://www.apache.org/licenses/LICENSE-2.0.txt,https://repo.maven.apache.org/maven2/com/fasterxml/jackson/jackson-bom/2.19.0/jackson-bom-2.19.0.pom
com.fasterxml.jackson,jackson-bom,2.19.1,"Apache License, Version 2.0",http://www.apache.org/licenses/LICENSE-2.0.txt,https://repo.maven.apache.org/maven2/com/fasterxml/jackson/jackson-bom/2.19.1/jackson-bom-2.19.1.pom
com.fasterxml.jackson,jackson-bom,2.19.4,"Apache License, Version 2.0",http://www.apache.org/licenses/LICENSE-2.0.txt,https://repo.maven.apache.org/maven2/com/fasterxml/jackson/jackson-bom/2.19.4/jackson-bom-2.19.4.pom
com.fasterxml.jackson,jackson-bom,2.21.4,"Apache License, Version 2.0",http://www.apache.org/licenses/LICENSE-2.0.txt,https://repo.maven.apache.org/maven2/com/fasterxml/jackson/jackson-bom/2.21.4/jackson-bom-2.21.4.pom
com.fasterxml.jackson,jackson-bom,2.21.5,"Apache License, Version 2.0",http://www.apache.org/licenses/LICENSE-2.0.txt,https://repo.maven.apache.org/maven2/com/fasterxml/jackson/jackson-bom/2.21.5/jackson-bom-2.21.5.pom
com.fasterxml.jackson,jackson-bom,2.22.0,"Apache License, Version 2.0",http://www.apache.org/licenses/LICENSE-2.0.txt,https://repo.maven.apache.org/maven2/com/fasterxml/jackson/jackson-bom/2.22.0/jackson-bom-2.22.0.pom
com.fasterxml.jackson,jackson-parent,2.13,"The Apache Software License, Version 2.0",http://www.apache.org/licenses/LICENSE-2.0.txt,https://repo.maven.apache.org/maven2/com/fasterxml/jackson/jackson-parent/2.13/jackson-parent-2.13.pom
com.fasterxml.jackson,jackson-parent,2.17,"The Apache Software License, Version 2.0",http://www.apache.org/licenses/LICENSE-2.0.txt,https://repo.maven.apache.org/maven2/com/fasterxml/jackson/jackson-parent/2.17/jackson-parent-2.17.pom
com.fasterxml.jackson,jackson-parent,2.19,"The Apache Software License, Version 2.0",http://www.apache.org/licenses/LICENSE-2.0.txt,https://repo.maven.apache.org/maven2/com/fasterxml/jackson/jackson-parent/2.19/jackson-parent-2.19.pom
com.fasterxml.jackson,jackson-parent,2.19.2,"The Apache Software License, Version 2.0",http://www.apache.org/licenses/LICENSE-2.0.txt,https://repo.maven.apache.org/maven2/com/fasterxml/jackson/jackson-parent/2.19.2/jackson-parent-2.19.2.pom
com.fasterxml.jackson,jackson-parent,2.19.3,"The Apache Software License, Version 2.0",http://www.apache.org/licenses/LICENSE-2.0.txt,https://repo.maven.apache.org/maven2/com/fasterxml/jackson/jackson-parent/2.19.3/jackson-parent-2.19.3.pom
com.fasterxml.jackson,jackson-parent,2.21,"The Apache Software License, Version 2.0",http://www.apache.org/licenses/LICENSE-2.0.txt,https://repo.maven.apache.org/maven2/com/fasterxml/jackson/jackson-parent/2.21/jackson-parent-2.21.pom
com.fasterxml.jackson,jackson-parent,2.22,"The Apache Software License, Version 2.0",http://www.apache.org/licenses/LICENSE-2.0.txt,https://repo.maven.apache.org/maven2/com/fasterxml/jackson/jackson-parent/2.22/jackson-parent-2.22.pom
com.fasterxml.jackson.module,jackson-module-jaxb-annotations,2.21.5,"The Apache Software License, Version 2.0",https://www.apache.org/licenses/LICENSE-2.0.txt,https://repo.maven.apache.org/maven2/com/fasterxml/jackson/module/jackson-module-jaxb-annotations/2.21.5/jackson-module-jaxb-annotations-2.21.5.pom
com.fasterxml.jackson.module,jackson-module-parameter-names,2.19.0,"The Apache Software License, Version 2.0",http://www.apache.org/licenses/LICENSE-2.0.txt,https://repo.maven.apache.org/maven2/com/fasterxml/jackson/module/jackson-module-parameter-names/2.19.0/jackson-module-parameter-names-2.19.0.pom
com.fasterxml.jackson.module,jackson-module-parameter-names,2.21.4,"The Apache Software License, Version 2.0",http://www.apache.org/licenses/LICENSE-2.0.txt,https://repo.maven.apache.org/maven2/com/fasterxml/jackson/module/jackson-module-parameter-names/2.21.4/jackson-module-parameter-names-2.21.4.pom
com.fasterxml.jackson.module,jackson-module-parameter-names,2.21.5,"The Apache Software License, Version 2.0",http://www.apache.org/licenses/LICENSE-2.0.txt,https://repo.maven.apache.org/maven2/com/fasterxml/jackson/module/jackson-module-parameter-names/2.21.5/jackson-module-parameter-names-2.21.5.pom
com.fasterxml.jackson.module,jackson-modules-base,2.21.5,"The Apache Software License, Version 2.0",https://www.apache.org/licenses/LICENSE-2.0.txt,https://repo.maven.apache.org/maven2/com/fasterxml/jackson/module/jackson-modules-base/2.21.5/jackson-modules-base-2.21.5.pom
com.fasterxml.jackson.module,jackson-modules-java8,2.19.0,"The Apache Software License, Version 2.0",http://www.apache.org/licenses/LICENSE-2.0.txt,https://repo.maven.apache.org/maven2/com/fasterxml/jackson/module/jackson-modules-java8/2.19.0/jackson-modules-java8-2.19.0.pom
com.fasterxml.jackson.module,jackson-modules-java8,2.21.4,"The Apache Software License, Version 2.0",http://www.apache.org/licenses/LICENSE-2.0.txt,https://repo.maven.apache.org/maven2/com/fasterxml/jackson/module/jackson-modules-java8/2.21.4/jackson-modules-java8-2.21.4.pom
com.fasterxml.jackson.module,jackson-modules-java8,2.21.5,"The Apache Software License, Version 2.0",http://www.apache.org/licenses/LICENSE-2.0.txt,https://repo.maven.apache.org/maven2/com/fasterxml/jackson/module/jackson-modules-java8/2.21.5/jackson-modules-java8-2.21.5.pom
com.fasterxml,oss-parent,43,"The Apache Software License, Version 2.0",http://www.apache.org/licenses/LICENSE-2.0.txt,https://repo.maven.apache.org/maven2/com/fasterxml/oss-parent/43/oss-parent-43.pom
com.fasterxml,oss-parent,55,"The Apache Software License, Version 2.0",http://www.apache.org/licenses/LICENSE-2.0.txt,https://repo.maven.apache.org/maven2/com/fasterxml/oss-parent/55/oss-parent-55.pom
com.fasterxml,oss-parent,56,"The Apache Software License, Version 2.0",http://www.apache.org/licenses/LICENSE-2.0.txt,https://repo.maven.apache.org/maven2/com/fasterxml/oss-parent/56/oss-parent-56.pom
com.fasterxml,oss-parent,58,"The Apache Software License, Version 2.0",http://www.apache.org/licenses/LICENSE-2.0.txt,https://repo.maven.apache.org/maven2/com/fasterxml/oss-parent/58/oss-parent-58.pom
com.fasterxml,oss-parent,65,"The Apache Software License, Version 2.0",http://www.apache.org/licenses/LICENSE-2.0.txt,https://repo.maven.apache.org/maven2/com/fasterxml/oss-parent/65/oss-parent-65.pom
com.fasterxml,oss-parent,68,"The Apache Software License, Version 2.0",http://www.apache.org/licenses/LICENSE-2.0.txt,https://repo.maven.apache.org/maven2/com/fasterxml/oss-parent/68/oss-parent-68.pom
com.fasterxml,oss-parent,69,"The Apache Software License, Version 2.0",http://www.apache.org/licenses/LICENSE-2.0.txt,https://repo.maven.apache.org/maven2/com/fasterxml/oss-parent/69/oss-parent-69.pom
com.fasterxml,oss-parent,74,"The Apache Software License, Version 2.0",http://www.apache.org/licenses/LICENSE-2.0.txt,https://repo.maven.apache.org/maven2/com/fasterxml/oss-parent/74/oss-parent-74.pom
com.fasterxml,oss-parent,75,"The Apache Software License, Version 2.0",http://www.apache.org/licenses/LICENSE-2.0.txt,https://repo.maven.apache.org/maven2/com/fasterxml/oss-parent/75/oss-parent-75.pom
com.fasterxml,oss-parent,79,"The Apache Software License, Version 2.0",http://www.apache.org/licenses/LICENSE-2.0.txt,https://repo.maven.apache.org/maven2/com/fasterxml/oss-parent/79/oss-parent-79.pom
com.fasterxml.woodstox,woodstox-core,7.1.1,"The Apache License, Version 2.0",http://www.apache.org/licenses/LICENSE-2.0.txt,https://repo.maven.apache.org/maven2/com/fasterxml/woodstox/woodstox-core/7.1.1/woodstox-core-7.1.1.pom
com.github.ben-manes.caffeine,caffeine,2.9.3,"Apache License, Version 2.0",https://www.apache.org/licenses/LICENSE-2.0.txt,https://repo.maven.apache.org/maven2/com/github/ben-manes/caffeine/caffeine/2.9.3/caffeine-2.9.3.pom
com.github.cliftonlabs,json-simple,3.0.2,"The Apache Software License, Version 2.0",http://www.apache.org/licenses/LICENSE-2.0.txt,https://repo.maven.apache.org/maven2/com/github/cliftonlabs/json-simple/3.0.2/json-simple-3.0.2.pom
com.github.luben,zstd-jni,1.5.5-11,BSD 2-Clause License,https://opensource.org/licenses/BSD-2-Clause,https://repo.maven.apache.org/maven2/com/github/luben/zstd-jni/1.5.5-11/zstd-jni-1.5.5-11.pom
com.github.luben,zstd-jni,1.5.7-6,BSD 2-Clause License,https://opensource.org/licenses/BSD-2-Clause,https://repo.maven.apache.org/maven2/com/github/luben/zstd-jni/1.5.7-6/zstd-jni-1.5.7-6.pom
com.google.errorprone,error_prone_annotations,2.10.0,Apache 2.0,http://www.apache.org/licenses/LICENSE-2.0.txt,https://repo.maven.apache.org/maven2/com/google/errorprone/error_prone_annotations/2.10.0/error_prone_annotations-2.10.0.pom
com.google.errorprone,error_prone_annotations,2.47.0,Apache 2.0,http://www.apache.org/licenses/LICENSE-2.0.txt,https://repo.maven.apache.org/maven2/com/google/errorprone/error_prone_annotations/2.47.0/error_prone_annotations-2.47.0.pom
com.google.errorprone,error_prone_parent,2.10.0,Apache 2.0,http://www.apache.org/licenses/LICENSE-2.0.txt,https://repo.maven.apache.org/maven2/com/google/errorprone/error_prone_parent/2.10.0/error_prone_parent-2.10.0.pom
com.google.errorprone,error_prone_parent,2.47.0,Apache 2.0,http://www.apache.org/licenses/LICENSE-2.0.txt,https://repo.maven.apache.org/maven2/com/google/errorprone/error_prone_parent/2.47.0/error_prone_parent-2.47.0.pom
com.google.guava,failureaccess,1.0.3,"Apache License, Version 2.0",http://www.apache.org/licenses/LICENSE-2.0.txt,https://repo.maven.apache.org/maven2/com/google/guava/failureaccess/1.0.3/failureaccess-1.0.3.pom
com.google.guava,guava,33.6.0-jre,"Apache License, Version 2.0",http://www.apache.org/licenses/LICENSE-2.0.txt,https://repo.maven.apache.org/maven2/com/google/guava/guava/33.6.0-jre/guava-33.6.0-jre.pom
com.google.guava,guava-bom,33.6.0-jre,"Apache License, Version 2.0",http://www.apache.org/licenses/LICENSE-2.0.txt,https://repo.maven.apache.org/maven2/com/google/guava/guava-bom/33.6.0-jre/guava-bom-33.6.0-jre.pom
com.google.guava,guava-parent,26.0-android,"The Apache Software License, Version 2.0",http://www.apache.org/licenses/LICENSE-2.0.txt,https://repo.maven.apache.org/maven2/com/google/guava/guava-parent/26.0-android/guava-parent-26.0-android.pom
com.google.guava,guava-parent,33.4.0-android,"Apache License, Version 2.0",http://www.apache.org/licenses/LICENSE-2.0.txt,https://repo.maven.apache.org/maven2/com/google/guava/guava-parent/33.4.0-android/guava-parent-33.4.0-android.pom
com.google.guava,guava-parent,33.6.0-jre,"Apache License, Version 2.0",http://www.apache.org/licenses/LICENSE-2.0.txt,https://repo.maven.apache.org/maven2/com/google/guava/guava-parent/33.6.0-jre/guava-parent-33.6.0-jre.pom
com.google.guava,listenablefuture,9999.0-empty-to-avoid-conflict-with-guava,"The Apache Software License, Version 2.0",http://www.apache.org/licenses/LICENSE-2.0.txt,https://repo.maven.apache.org/maven2/com/google/guava/listenablefuture/9999.0-empty-to-avoid-conflict-with-guava/listenablefuture-9999.0-empty-to-avoid-conflict-with-guava.pom
com.google.j2objc,j2objc-annotations,3.1,"Apache License, Version 2.0",http://www.apache.org/licenses/LICENSE-2.0.txt,https://repo.maven.apache.org/maven2/com/google/j2objc/j2objc-annotations/3.1/j2objc-annotations-3.1.pom
com.googlecode.javaewah,JavaEWAH,1.1.13,Apache 2,http://www.apache.org/licenses/LICENSE-2.0.txt,https://repo.maven.apache.org/maven2/com/googlecode/javaewah/JavaEWAH/1.1.13/JavaEWAH-1.1.13.pom
com.querydsl,querydsl-bom,5.1.0,"Apache License, Version 2.0",http://www.apache.org/licenses/LICENSE-2.0.txt,https://repo.maven.apache.org/maven2/com/querydsl/querydsl-bom/5.1.0/querydsl-bom-5.1.0.pom
com.sun.activation,all,1.2.2,EDL 1.0,http://www.eclipse.org/org/documents/edl-v10.php,https://repo.maven.apache.org/maven2/com/sun/activation/all/1.2.2/all-1.2.2.pom
com.sun.istack,istack-commons,4.1.2,Eclipse Distribution License - v 1.0,http://www.eclipse.org/org/documents/edl-v10.php,https://repo.maven.apache.org/maven2/com/sun/istack/istack-commons/4.1.2/istack-commons-4.1.2.pom
com.sun.istack,istack-commons-runtime,4.1.2,Eclipse Distribution License - v 1.0,http://www.eclipse.org/org/documents/edl-v10.php,https://repo.maven.apache.org/maven2/com/sun/istack/istack-commons-runtime/4.1.2/istack-commons-runtime-4.1.2.pom
com.sun.xml.bind,jaxb-bom-ext,4.0.5,"Eclipse Public License v. 2.0 | GNU General Public License, version 2 with the GNU Classpath Exception",https://www.eclipse.org/org/documents/epl-2.0/EPL-2.0.txt | https://www.gnu.org/software/classpath/license.html,https://repo.maven.apache.org/maven2/com/sun/xml/bind/jaxb-bom-ext/4.0.5/jaxb-bom-ext-4.0.5.pom
com.sun.xml.bind.mvn,jaxb-parent,4.0.5,Eclipse Distribution License - v 1.0,http://www.eclipse.org/org/documents/edl-v10.php,https://repo.maven.apache.org/maven2/com/sun/xml/bind/mvn/jaxb-parent/4.0.5/jaxb-parent-4.0.5.pom
com.sun.xml.bind.mvn,jaxb-runtime-parent,4.0.5,Eclipse Distribution License - v 1.0,http://www.eclipse.org/org/documents/edl-v10.php,https://repo.maven.apache.org/maven2/com/sun/xml/bind/mvn/jaxb-runtime-parent/4.0.5/jaxb-runtime-parent-4.0.5.pom
com.sun.xml.bind.mvn,jaxb-txw-parent,4.0.5,Eclipse Distribution License - v 1.0,http://www.eclipse.org/org/documents/edl-v10.php,https://repo.maven.apache.org/maven2/com/sun/xml/bind/mvn/jaxb-txw-parent/4.0.5/jaxb-txw-parent-4.0.5.pom
com.thoughtworks.qdox,qdox,2.2.0,"The Apache Software License, Version 2.0",http://www.apache.org/licenses/LICENSE-2.0.txt,https://repo.maven.apache.org/maven2/com/thoughtworks/qdox/qdox/2.2.0/qdox-2.2.0.pom
com.uber.nullaway,nullaway-bom,0.13.4,The MIT License,https://opensource.org/licenses/MIT,https://repo.maven.apache.org/maven2/com/uber/nullaway/nullaway-bom/0.13.4/nullaway-bom-0.13.4.pom
com.univocity,univocity-parsers,2.9.1,Apache 2,http://www.apache.org/licenses/LICENSE-2.0.txt,https://repo.maven.apache.org/maven2/com/univocity/univocity-parsers/2.9.1/univocity-parsers-2.9.1.pom
com.zaxxer,HikariCP,6.3.0,"The Apache Software License, Version 2.0",https://www.apache.org/licenses/LICENSE-2.0.txt,https://repo.maven.apache.org/maven2/com/zaxxer/HikariCP/6.3.0/HikariCP-6.3.0.pom
com.zaxxer,HikariCP,6.3.3,"The Apache Software License, Version 2.0",https://www.apache.org/licenses/LICENSE-2.0.txt,https://repo.maven.apache.org/maven2/com/zaxxer/HikariCP/6.3.3/HikariCP-6.3.3.pom
com.zaxxer,HikariCP,7.0.2,"The Apache Software License, Version 2.0",https://www.apache.org/licenses/LICENSE-2.0.txt,https://repo.maven.apache.org/maven2/com/zaxxer/HikariCP/7.0.2/HikariCP-7.0.2.pom
commons-beanutils,commons-beanutils,1.8.3,"The Apache Software License, Version 2.0",http://www.apache.org/licenses/LICENSE-2.0.txt,https://repo.maven.apache.org/maven2/commons-beanutils/commons-beanutils/1.8.3/commons-beanutils-1.8.3.pom
commons-beanutils,commons-beanutils,1.9.4,"Apache License, Version 2.0",https://www.apache.org/licenses/LICENSE-2.0.txt,https://repo.maven.apache.org/maven2/commons-beanutils/commons-beanutils/1.9.4/commons-beanutils-1.9.4.pom
commons-codec,commons-codec,1.16.1,Apache-2.0,https://www.apache.org/licenses/LICENSE-2.0.txt,https://repo.maven.apache.org/maven2/commons-codec/commons-codec/1.16.1/commons-codec-1.16.1.pom
commons-codec,commons-codec,1.19.0,Apache-2.0,https://www.apache.org/licenses/LICENSE-2.0.txt,https://repo.maven.apache.org/maven2/commons-codec/commons-codec/1.19.0/commons-codec-1.19.0.pom
commons-collections,commons-collections,3.2.2,"Apache License, Version 2.0",http://www.apache.org/licenses/LICENSE-2.0.txt,https://repo.maven.apache.org/maven2/commons-collections/commons-collections/3.2.2/commons-collections-3.2.2.pom
commons-io,commons-io,2.11.0,"Apache License, Version 2.0",https://www.apache.org/licenses/LICENSE-2.0.txt,https://repo.maven.apache.org/maven2/commons-io/commons-io/2.11.0/commons-io-2.11.0.pom
commons-io,commons-io,2.15.1,Apache-2.0,https://www.apache.org/licenses/LICENSE-2.0.txt,https://repo.maven.apache.org/maven2/commons-io/commons-io/2.15.1/commons-io-2.15.1.pom
commons-io,commons-io,2.16.1,Apache-2.0,https://www.apache.org/licenses/LICENSE-2.0.txt,https://repo.maven.apache.org/maven2/commons-io/commons-io/2.16.1/commons-io-2.16.1.pom
commons-io,commons-io,2.17.0,Apache-2.0,https://www.apache.org/licenses/LICENSE-2.0.txt,https://repo.maven.apache.org/maven2/commons-io/commons-io/2.17.0/commons-io-2.17.0.pom
commons-io,commons-io,2.20.0,Apache-2.0,https://www.apache.org/licenses/LICENSE-2.0.txt,https://repo.maven.apache.org/maven2/commons-io/commons-io/2.20.0/commons-io-2.20.0.pom
commons-io,commons-io,2.21.0,Apache-2.0,https://www.apache.org/licenses/LICENSE-2.0.txt,https://repo.maven.apache.org/maven2/commons-io/commons-io/2.21.0/commons-io-2.21.0.pom
commons-io,commons-io,2.5,"Apache License, Version 2.0",http://www.apache.org/licenses/LICENSE-2.0.txt,https://repo.maven.apache.org/maven2/commons-io/commons-io/2.5/commons-io-2.5.pom
commons-logging,commons-logging,1.1.1,"The Apache Software License, Version 2.0",http://www.apache.org/licenses/LICENSE-2.0.txt,https://repo.maven.apache.org/maven2/commons-logging/commons-logging/1.1.1/commons-logging-1.1.1.pom
commons-logging,commons-logging,1.2,"The Apache Software License, Version 2.0",http://www.apache.org/licenses/LICENSE-2.0.txt,https://repo.maven.apache.org/maven2/commons-logging/commons-logging/1.2/commons-logging-1.2.pom
commons-logging,commons-logging,1.3.5,Apache-2.0,https://www.apache.org/licenses/LICENSE-2.0.txt,https://repo.maven.apache.org/maven2/commons-logging/commons-logging/1.3.5/commons-logging-1.3.5.pom
commons-logging,commons-logging,1.3.6,Apache-2.0,https://www.apache.org/licenses/LICENSE-2.0.txt,https://repo.maven.apache.org/maven2/commons-logging/commons-logging/1.3.6/commons-logging-1.3.6.pom
dev.failsafe,failsafe,3.3.2,"Apache License, Version 2.0",http://apache.org/licenses/LICENSE-2.0,https://repo.maven.apache.org/maven2/dev/failsafe/failsafe/3.3.2/failsafe-3.3.2.pom
dev.failsafe,failsafe-parent,3.3.2,"Apache License, Version 2.0",http://apache.org/licenses/LICENSE-2.0,https://repo.maven.apache.org/maven2/dev/failsafe/failsafe-parent/3.3.2/failsafe-parent-3.3.2.pom
eu.maveniverse.maven.domtrip,domtrip,1.5.1,EPLv2,https://www.eclipse.org/legal/epl-v20.html,https://repo.maven.apache.org/maven2/eu/maveniverse/maven/domtrip/domtrip/1.5.1/domtrip-1.5.1.pom
eu.maveniverse.maven.domtrip,domtrip-core,1.5.1,EPLv2,https://www.eclipse.org/legal/epl-v20.html,https://repo.maven.apache.org/maven2/eu/maveniverse/maven/domtrip/domtrip-core/1.5.1/domtrip-core-1.5.1.pom
eu.maveniverse.maven.domtrip,domtrip-maven,1.5.1,EPLv2,https://www.eclipse.org/legal/epl-v20.html,https://repo.maven.apache.org/maven2/eu/maveniverse/maven/domtrip/domtrip-maven/1.5.1/domtrip-maven-1.5.1.pom
eu.maveniverse.maven.parent,parent,52,EPLv2,https://www.eclipse.org/legal/epl-v20.html,https://repo.maven.apache.org/maven2/eu/maveniverse/maven/parent/parent/52/parent-52.pom
io.github.classgraph,classgraph,4.8.190,The MIT License (MIT),http://opensource.org/licenses/MIT,https://repo.maven.apache.org/maven2/io/github/classgraph/classgraph/4.8.190/classgraph-4.8.190.pom
io.github.classgraph,classgraph,4.8.192,The MIT License (MIT),http://opensource.org/licenses/MIT,https://repo.maven.apache.org/maven2/io/github/classgraph/classgraph/4.8.192/classgraph-4.8.192.pom
io.micrometer,micrometer-bom,1.15.0,"The Apache Software License, Version 2.0",http://www.apache.org/licenses/LICENSE-2.0.txt,https://repo.maven.apache.org/maven2/io/micrometer/micrometer-bom/1.15.0/micrometer-bom-1.15.0.pom
io.micrometer,micrometer-bom,1.15.12,"The Apache Software License, Version 2.0",http://www.apache.org/licenses/LICENSE-2.0.txt,https://repo.maven.apache.org/maven2/io/micrometer/micrometer-bom/1.15.12/micrometer-bom-1.15.12.pom
io.micrometer,micrometer-bom,1.16.5,"The Apache Software License, Version 2.0",http://www.apache.org/licenses/LICENSE-2.0.txt,https://repo.maven.apache.org/maven2/io/micrometer/micrometer-bom/1.16.5/micrometer-bom-1.16.5.pom
io.micrometer,micrometer-bom,1.16.7,"The Apache Software License, Version 2.0",http://www.apache.org/licenses/LICENSE-2.0.txt,https://repo.maven.apache.org/maven2/io/micrometer/micrometer-bom/1.16.7/micrometer-bom-1.16.7.pom
io.micrometer,micrometer-commons,1.15.0,"The Apache Software License, Version 2.0",http://www.apache.org/licenses/LICENSE-2.0.txt,https://repo.maven.apache.org/maven2/io/micrometer/micrometer-commons/1.15.0/micrometer-commons-1.15.0.pom
io.micrometer,micrometer-commons,1.15.12,"The Apache Software License, Version 2.0",http://www.apache.org/licenses/LICENSE-2.0.txt,https://repo.maven.apache.org/maven2/io/micrometer/micrometer-commons/1.15.12/micrometer-commons-1.15.12.pom
io.micrometer,micrometer-commons,1.16.7,"The Apache Software License, Version 2.0",http://www.apache.org/licenses/LICENSE-2.0.txt,https://repo.maven.apache.org/maven2/io/micrometer/micrometer-commons/1.16.7/micrometer-commons-1.16.7.pom
io.micrometer,micrometer-commons,1.17.0,"The Apache Software License, Version 2.0",http://www.apache.org/licenses/LICENSE-2.0.txt,https://repo.maven.apache.org/maven2/io/micrometer/micrometer-commons/1.17.0/micrometer-commons-1.17.0.pom
io.micrometer,micrometer-core,1.17.0,"The Apache Software License, Version 2.0",http://www.apache.org/licenses/LICENSE-2.0.txt,https://repo.maven.apache.org/maven2/io/micrometer/micrometer-core/1.17.0/micrometer-core-1.17.0.pom
io.micrometer,micrometer-core,1.9.17,"The Apache Software License, Version 2.0",http://www.apache.org/licenses/LICENSE-2.0.txt,https://repo.maven.apache.org/maven2/io/micrometer/micrometer-core/1.9.17/micrometer-core-1.9.17.pom
io.micrometer,micrometer-observation,1.15.0,"The Apache Software License, Version 2.0",http://www.apache.org/licenses/LICENSE-2.0.txt,https://repo.maven.apache.org/maven2/io/micrometer/micrometer-observation/1.15.0/micrometer-observation-1.15.0.pom
io.micrometer,micrometer-observation,1.15.12,"The Apache Software License, Version 2.0",http://www.apache.org/licenses/LICENSE-2.0.txt,https://repo.maven.apache.org/maven2/io/micrometer/micrometer-observation/1.15.12/micrometer-observation-1.15.12.pom
io.micrometer,micrometer-observation,1.16.7,"The Apache Software License, Version 2.0",http://www.apache.org/licenses/LICENSE-2.0.txt,https://repo.maven.apache.org/maven2/io/micrometer/micrometer-observation/1.16.7/micrometer-observation-1.16.7.pom
io.micrometer,micrometer-observation,1.17.0,"The Apache Software License, Version 2.0",http://www.apache.org/licenses/LICENSE-2.0.txt,https://repo.maven.apache.org/maven2/io/micrometer/micrometer-observation/1.17.0/micrometer-observation-1.17.0.pom
io.micrometer,micrometer-tracing-bom,1.5.0,"The Apache Software License, Version 2.0",http://www.apache.org/licenses/LICENSE-2.0.txt,https://repo.maven.apache.org/maven2/io/micrometer/micrometer-tracing-bom/1.5.0/micrometer-tracing-bom-1.5.0.pom
io.micrometer,micrometer-tracing-bom,1.5.12,"The Apache Software License, Version 2.0",http://www.apache.org/licenses/LICENSE-2.0.txt,https://repo.maven.apache.org/maven2/io/micrometer/micrometer-tracing-bom/1.5.12/micrometer-tracing-bom-1.5.12.pom
io.micrometer,micrometer-tracing-bom,1.6.7,"The Apache Software License, Version 2.0",http://www.apache.org/licenses/LICENSE-2.0.txt,https://repo.maven.apache.org/maven2/io/micrometer/micrometer-tracing-bom/1.6.7/micrometer-tracing-bom-1.6.7.pom
io.moderne,jsonrpc,1.0.11,"The Apache Software License, Version 2.0",http://www.apache.org/licenses/LICENSE-2.0.txt,https://repo.maven.apache.org/maven2/io/moderne/jsonrpc/1.0.11/jsonrpc-1.0.11.pom
io.moderne,jsonrpc,1.0.12,"The Apache Software License, Version 2.0",http://www.apache.org/licenses/LICENSE-2.0.txt,https://repo.maven.apache.org/maven2/io/moderne/jsonrpc/1.0.12/jsonrpc-1.0.12.pom
io.netty,netty-bom,4.1.121.Final,"Apache License, Version 2.0",https://www.apache.org/licenses/LICENSE-2.0,https://repo.maven.apache.org/maven2/io/netty/netty-bom/4.1.121.Final/netty-bom-4.1.121.Final.pom
io.netty,netty-bom,4.1.135.Final,"Apache License, Version 2.0",https://www.apache.org/licenses/LICENSE-2.0,https://repo.maven.apache.org/maven2/io/netty/netty-bom/4.1.135.Final/netty-bom-4.1.135.Final.pom
io.netty,netty-bom,4.2.17.Final,"Apache License, Version 2.0",https://www.apache.org/licenses/LICENSE-2.0,https://repo.maven.apache.org/maven2/io/netty/netty-bom/4.2.17.Final/netty-bom-4.2.17.Final.pom
io.opentelemetry,opentelemetry-bom,1.49.0,"The Apache License, Version 2.0",http://www.apache.org/licenses/LICENSE-2.0.txt,https://repo.maven.apache.org/maven2/io/opentelemetry/opentelemetry-bom/1.49.0/opentelemetry-bom-1.49.0.pom
io.opentelemetry,opentelemetry-bom,1.55.0,"The Apache License, Version 2.0",http://www.apache.org/licenses/LICENSE-2.0.txt,https://repo.maven.apache.org/maven2/io/opentelemetry/opentelemetry-bom/1.55.0/opentelemetry-bom-1.55.0.pom
io.projectreactor,reactor-bom,2024.0.18,"The Apache Software License, Version 2.0",https://www.apache.org/licenses/LICENSE-2.0.txt,https://repo.maven.apache.org/maven2/io/projectreactor/reactor-bom/2024.0.18/reactor-bom-2024.0.18.pom
io.projectreactor,reactor-bom,2024.0.6,"The Apache Software License, Version 2.0",https://www.apache.org/licenses/LICENSE-2.0.txt,https://repo.maven.apache.org/maven2/io/projectreactor/reactor-bom/2024.0.6/reactor-bom-2024.0.6.pom
io.projectreactor,reactor-bom,2025.0.5,"The Apache Software License, Version 2.0",https://www.apache.org/licenses/LICENSE-2.0.txt,https://repo.maven.apache.org/maven2/io/projectreactor/reactor-bom/2025.0.5/reactor-bom-2025.0.5.pom
io.projectreactor,reactor-bom,2025.0.7,"The Apache Software License, Version 2.0",https://www.apache.org/licenses/LICENSE-2.0.txt,https://repo.maven.apache.org/maven2/io/projectreactor/reactor-bom/2025.0.7/reactor-bom-2025.0.7.pom
io.prometheus,client_java,1.3.6,"The Apache Software License, Version 2.0",http://www.apache.org/licenses/LICENSE-2.0.txt,https://repo.maven.apache.org/maven2/io/prometheus/client_java/1.3.6/client_java-1.3.6.pom
io.prometheus,client_java_parent,1.3.10,"The Apache Software License, Version 2.0",http://www.apache.org/licenses/LICENSE-2.0.txt,https://repo.maven.apache.org/maven2/io/prometheus/client_java_parent/1.3.10/client_java_parent-1.3.10.pom
io.prometheus,client_java_parent,1.4.3,"The Apache Software License, Version 2.0",http://www.apache.org/licenses/LICENSE-2.0.txt,https://repo.maven.apache.org/maven2/io/prometheus/client_java_parent/1.4.3/client_java_parent-1.4.3.pom
io.prometheus,parent,0.16.0,"The Apache Software License, Version 2.0",http://www.apache.org/licenses/LICENSE-2.0.txt,https://repo.maven.apache.org/maven2/io/prometheus/parent/0.16.0/parent-0.16.0.pom
io.prometheus,prometheus-metrics-bom,1.3.10,"The Apache Software License, Version 2.0",http://www.apache.org/licenses/LICENSE-2.0.txt,https://repo.maven.apache.org/maven2/io/prometheus/prometheus-metrics-bom/1.3.10/prometheus-metrics-bom-1.3.10.pom
io.prometheus,prometheus-metrics-bom,1.3.6,"The Apache Software License, Version 2.0",http://www.apache.org/licenses/LICENSE-2.0.txt,https://repo.maven.apache.org/maven2/io/prometheus/prometheus-metrics-bom/1.3.6/prometheus-metrics-bom-1.3.6.pom
io.prometheus,prometheus-metrics-bom,1.4.3,"The Apache Software License, Version 2.0",http://www.apache.org/licenses/LICENSE-2.0.txt,https://repo.maven.apache.org/maven2/io/prometheus/prometheus-metrics-bom/1.4.3/prometheus-metrics-bom-1.4.3.pom
io.prometheus,simpleclient_bom,0.16.0,"The Apache Software License, Version 2.0",http://www.apache.org/licenses/LICENSE-2.0.txt,https://repo.maven.apache.org/maven2/io/prometheus/simpleclient_bom/0.16.0/simpleclient_bom-0.16.0.pom
io.quarkus.gizmo,gizmo,1.0.11.Final,"The Apache Software License, Version 2.0",http://www.apache.org/licenses/LICENSE-2.0.txt,https://repo.maven.apache.org/maven2/io/quarkus/gizmo/gizmo/1.0.11.Final/gizmo-1.0.11.Final.pom
io.rest-assured,rest-assured-bom,5.5.2,Apache 2.0,https://www.apache.org/licenses/LICENSE-2.0.html,https://repo.maven.apache.org/maven2/io/rest-assured/rest-assured-bom/5.5.2/rest-assured-bom-5.5.2.pom
io.rest-assured,rest-assured-bom,5.5.7,Apache 2.0,https://www.apache.org/licenses/LICENSE-2.0.html,https://repo.maven.apache.org/maven2/io/rest-assured/rest-assured-bom/5.5.7/rest-assured-bom-5.5.7.pom
io.rsocket,rsocket-bom,1.1.5,"The Apache Software License, Version 2.0",https://www.apache.org/licenses/LICENSE-2.0.txt,https://repo.maven.apache.org/maven2/io/rsocket/rsocket-bom/1.1.5/rsocket-bom-1.1.5.pom
io.smallrye,jandex,3.2.0,"Apache License, Version 2.0",https://www.apache.org/licenses/LICENSE-2.0.txt,https://repo.maven.apache.org/maven2/io/smallrye/jandex/3.2.0/jandex-3.2.0.pom
io.smallrye,jandex-parent,3.2.0,"Apache License, Version 2.0",https://www.apache.org/licenses/LICENSE-2.0.txt,https://repo.maven.apache.org/maven2/io/smallrye/jandex-parent/3.2.0/jandex-parent-3.2.0.pom
io.smallrye,smallrye-build-parent,42,"Apache License, Version 2.0",https://www.apache.org/licenses/LICENSE-2.0.txt,https://repo.maven.apache.org/maven2/io/smallrye/smallrye-build-parent/42/smallrye-build-parent-42.pom
io.zipkin.brave,brave-bom,6.1.0,"The Apache Software License, Version 2.0",https://www.apache.org/licenses/LICENSE-2.0.txt,https://repo.maven.apache.org/maven2/io/zipkin/brave/brave-bom/6.1.0/brave-bom-6.1.0.pom
io.zipkin.brave,brave-bom,6.3.1,"The Apache Software License, Version 2.0",https://www.apache.org/licenses/LICENSE-2.0.txt,https://repo.maven.apache.org/maven2/io/zipkin/brave/brave-bom/6.3.1/brave-bom-6.3.1.pom
io.zipkin.reporter2,zipkin-reporter-bom,3.5.0,"The Apache Software License, Version 2.0",https://www.apache.org/licenses/LICENSE-2.0.txt,https://repo.maven.apache.org/maven2/io/zipkin/reporter2/zipkin-reporter-bom/3.5.0/zipkin-reporter-bom-3.5.0.pom
io.zipkin.reporter2,zipkin-reporter-bom,3.5.3,"The Apache Software License, Version 2.0",https://www.apache.org/licenses/LICENSE-2.0.txt,https://repo.maven.apache.org/maven2/io/zipkin/reporter2/zipkin-reporter-bom/3.5.3/zipkin-reporter-bom-3.5.3.pom
jakarta.activation,jakarta.activation-api,1.2.2,EDL 1.0,http://www.eclipse.org/org/documents/edl-v10.php,https://repo.maven.apache.org/maven2/jakarta/activation/jakarta.activation-api/1.2.2/jakarta.activation-api-1.2.2.pom
jakarta.activation,jakarta.activation-api,2.1.3,EDL 1.0,http://www.eclipse.org/org/documents/edl-v10.php,https://repo.maven.apache.org/maven2/jakarta/activation/jakarta.activation-api/2.1.3/jakarta.activation-api-2.1.3.pom
jakarta.activation,jakarta.activation-api,2.1.4,EDL 1.0,http://www.eclipse.org/org/documents/edl-v10.php,https://repo.maven.apache.org/maven2/jakarta/activation/jakarta.activation-api/2.1.4/jakarta.activation-api-2.1.4.pom
jakarta.annotation,jakarta.annotation-api,2.1.1,EPL 2.0 | GPL2 w/ CPE,http://www.eclipse.org/legal/epl-2.0 | https://www.gnu.org/software/classpath/license.html,https://repo.maven.apache.org/maven2/jakarta/annotation/jakarta.annotation-api/2.1.1/jakarta.annotation-api-2.1.1.pom
jakarta.annotation,jakarta.annotation-api,3.0.0,EPL 2.0 | GPL2 w/ CPE,https://www.eclipse.org/legal/epl-2.0 | https://www.gnu.org/software/classpath/license.html,https://repo.maven.apache.org/maven2/jakarta/annotation/jakarta.annotation-api/3.0.0/jakarta.annotation-api-3.0.0.pom
jakarta.inject,jakarta.inject-api,2.0.1,"The Apache Software License, Version 2.0",http://www.apache.org/licenses/LICENSE-2.0.txt,https://repo.maven.apache.org/maven2/jakarta/inject/jakarta.inject-api/2.0.1/jakarta.inject-api-2.0.1.pom
jakarta.persistence,jakarta.persistence-api,3.1.0,Eclipse Public License v. 2.0 | Eclipse Distribution License v. 1.0,http://www.eclipse.org/legal/epl-2.0 | http://www.eclipse.org/org/documents/edl-v10.php,https://repo.maven.apache.org/maven2/jakarta/persistence/jakarta.persistence-api/3.1.0/jakarta.persistence-api-3.1.0.pom
jakarta.persistence,jakarta.persistence-api,3.2.0,Eclipse Public License v. 2.0 | Eclipse Distribution License v. 1.0,http://www.eclipse.org/legal/epl-2.0 | http://www.eclipse.org/org/documents/edl-v10.php,https://repo.maven.apache.org/maven2/jakarta/persistence/jakarta.persistence-api/3.2.0/jakarta.persistence-api-3.2.0.pom
jakarta.platform,jakarta.jakartaee-bom,9.1.0,"Eclipse Public License v. 2.0 | GNU General Public License, version 2 with the GNU Classpath Exception",https://www.eclipse.org/org/documents/epl-2.0/EPL-2.0.txt | https://www.gnu.org/software/classpath/license.html,https://repo.maven.apache.org/maven2/jakarta/platform/jakarta.jakartaee-bom/9.1.0/jakarta.jakartaee-bom-9.1.0.pom
jakarta.platform,jakartaee-api-parent,9.1.0,"Eclipse Public License v. 2.0 | GNU General Public License, version 2 with the GNU Classpath Exception",https://www.eclipse.org/org/documents/epl-2.0/EPL-2.0.txt | https://www.gnu.org/software/classpath/license.html,https://repo.maven.apache.org/maven2/jakarta/platform/jakartaee-api-parent/9.1.0/jakartaee-api-parent-9.1.0.pom
jakarta.transaction,jakarta.transaction-api,2.0.1,EPL 2.0 | GPL2 w/ CPE,http://www.eclipse.org/legal/epl-2.0 | https://www.gnu.org/software/classpath/license.html,https://repo.maven.apache.org/maven2/jakarta/transaction/jakarta.transaction-api/2.0.1/jakarta.transaction-api-2.0.1.pom
jakarta.xml.bind,jakarta.xml.bind-api,4.0.2,Eclipse Distribution License - v 1.0,http://www.eclipse.org/org/documents/edl-v10.php,https://repo.maven.apache.org/maven2/jakarta/xml/bind/jakarta.xml.bind-api/4.0.2/jakarta.xml.bind-api-4.0.2.pom
jakarta.xml.bind,jakarta.xml.bind-api,4.0.5,Eclipse Distribution License - v 1.0,http://www.eclipse.org/org/documents/edl-v10.php,https://repo.maven.apache.org/maven2/jakarta/xml/bind/jakarta.xml.bind-api/4.0.5/jakarta.xml.bind-api-4.0.5.pom
jakarta.xml.bind,jakarta.xml.bind-api-parent,4.0.2,Eclipse Distribution License - v 1.0,http://www.eclipse.org/org/documents/edl-v10.php,https://repo.maven.apache.org/maven2/jakarta/xml/bind/jakarta.xml.bind-api-parent/4.0.2/jakarta.xml.bind-api-parent-4.0.2.pom
jakarta.xml.bind,jakarta.xml.bind-api-parent,4.0.5,Eclipse Distribution License - v 1.0,http://www.eclipse.org/org/documents/edl-v10.php,https://repo.maven.apache.org/maven2/jakarta/xml/bind/jakarta.xml.bind-api-parent/4.0.5/jakarta.xml.bind-api-parent-4.0.5.pom
javax.inject,javax.inject,1,Apache License 2.0 (source officielle JSR-330),https://javax-inject.github.io/javax-inject/,https://repo.maven.apache.org/maven2/javax/inject/javax.inject/1/javax.inject-1.pom
javax.xml.bind,jaxb-api,2.2.12,CDDL 1.1 | GPL2 w/ CPE,https://glassfish.java.net/public/CDDL+GPL_1_1.html | https://glassfish.java.net/public/CDDL+GPL_1_1.html,https://repo.maven.apache.org/maven2/javax/xml/bind/jaxb-api/2.2.12/jaxb-api-2.2.12.pom
net.bytebuddy,byte-buddy,1.17.5,"Apache License, Version 2.0",https://www.apache.org/licenses/LICENSE-2.0.txt,https://repo.maven.apache.org/maven2/net/bytebuddy/byte-buddy/1.17.5/byte-buddy-1.17.5.pom
net.bytebuddy,byte-buddy,1.17.8,"Apache License, Version 2.0",https://www.apache.org/licenses/LICENSE-2.0.txt,https://repo.maven.apache.org/maven2/net/bytebuddy/byte-buddy/1.17.8/byte-buddy-1.17.8.pom
net.bytebuddy,byte-buddy-parent,1.17.5,"Apache License, Version 2.0",https://www.apache.org/licenses/LICENSE-2.0.txt,https://repo.maven.apache.org/maven2/net/bytebuddy/byte-buddy-parent/1.17.5/byte-buddy-parent-1.17.5.pom
net.bytebuddy,byte-buddy-parent,1.17.8,"Apache License, Version 2.0",https://www.apache.org/licenses/LICENSE-2.0.txt,https://repo.maven.apache.org/maven2/net/bytebuddy/byte-buddy-parent/1.17.8/byte-buddy-parent-1.17.8.pom
net.java.dev.jna,jna,5.19.1,LGPL-2.1-or-later | Apache-2.0,https://www.gnu.org/licenses/old-licenses/lgpl-2.1 | https://www.apache.org/licenses/LICENSE-2.0.txt,https://repo.maven.apache.org/maven2/net/java/dev/jna/jna/5.19.1/jna-5.19.1.pom
net.java.dev.jna,jna-platform,5.19.1,LGPL-2.1-or-later | Apache-2.0,https://www.gnu.org/licenses/old-licenses/lgpl-2.1 | https://www.apache.org/licenses/LICENSE-2.0.txt,https://repo.maven.apache.org/maven2/net/java/dev/jna/jna-platform/5.19.1/jna-platform-5.19.1.pom
net.java,jvnet-parent,4,Apache License 2.0 (en-tete du POM),https://www.apache.org/licenses/LICENSE-2.0,https://repo.maven.apache.org/maven2/net/java/jvnet-parent/4/jvnet-parent-4.pom
org.antlr,antlr4-master,4.13.0,BSD-3-Clause,https://www.antlr.org/license.html,https://repo.maven.apache.org/maven2/org/antlr/antlr4-master/4.13.0/antlr4-master-4.13.0.pom
org.antlr,antlr4-master,4.13.2,BSD-3-Clause,https://www.antlr.org/license.html,https://repo.maven.apache.org/maven2/org/antlr/antlr4-master/4.13.2/antlr4-master-4.13.2.pom
org.antlr,antlr4-runtime,4.13.0,BSD-3-Clause,https://www.antlr.org/license.html,https://repo.maven.apache.org/maven2/org/antlr/antlr4-runtime/4.13.0/antlr4-runtime-4.13.0.pom
org.antlr,antlr4-runtime,4.13.2,BSD-3-Clause,https://www.antlr.org/license.html,https://repo.maven.apache.org/maven2/org/antlr/antlr4-runtime/4.13.2/antlr4-runtime-4.13.2.pom
org.apache.activemq,activemq-bom,6.1.6,Apache-2.0,https://www.apache.org/licenses/LICENSE-2.0.txt,https://repo.maven.apache.org/maven2/org/apache/activemq/activemq-bom/6.1.6/activemq-bom-6.1.6.pom
org.apache.activemq,activemq-bom,6.1.8,Apache-2.0,https://www.apache.org/licenses/LICENSE-2.0.txt,https://repo.maven.apache.org/maven2/org/apache/activemq/activemq-bom/6.1.8/activemq-bom-6.1.8.pom
org.apache.activemq,artemis-bom,2.40.0,Apache-2.0,https://www.apache.org/licenses/LICENSE-2.0.txt,https://repo.maven.apache.org/maven2/org/apache/activemq/artemis-bom/2.40.0/artemis-bom-2.40.0.pom
org.apache.activemq,artemis-bom,2.43.0,Apache-2.0,https://www.apache.org/licenses/LICENSE-2.0.txt,https://repo.maven.apache.org/maven2/org/apache/activemq/artemis-bom/2.43.0/artemis-bom-2.43.0.pom
org.apache.activemq,artemis-project,2.40.0,Apache-2.0,https://www.apache.org/licenses/LICENSE-2.0.txt,https://repo.maven.apache.org/maven2/org/apache/activemq/artemis-project/2.40.0/artemis-project-2.40.0.pom
org.apache.activemq,artemis-project,2.43.0,Apache-2.0,https://www.apache.org/licenses/LICENSE-2.0.txt,https://repo.maven.apache.org/maven2/org/apache/activemq/artemis-project/2.43.0/artemis-project-2.43.0.pom
org.apache,apache,13,"The Apache Software License, Version 2.0",http://www.apache.org/licenses/LICENSE-2.0.txt,https://repo.maven.apache.org/maven2/org/apache/apache/13/apache-13.pom
org.apache,apache,16,"Apache License, Version 2.0",http://www.apache.org/licenses/LICENSE-2.0.txt,https://repo.maven.apache.org/maven2/org/apache/apache/16/apache-16.pom
org.apache,apache,18,"Apache License, Version 2.0",https://www.apache.org/licenses/LICENSE-2.0.txt,https://repo.maven.apache.org/maven2/org/apache/apache/18/apache-18.pom
org.apache,apache,19,"Apache License, Version 2.0",https://www.apache.org/licenses/LICENSE-2.0.txt,https://repo.maven.apache.org/maven2/org/apache/apache/19/apache-19.pom
org.apache,apache,21,"Apache License, Version 2.0",https://www.apache.org/licenses/LICENSE-2.0.txt,https://repo.maven.apache.org/maven2/org/apache/apache/21/apache-21.pom
org.apache,apache,23,"Apache License, Version 2.0",https://www.apache.org/licenses/LICENSE-2.0.txt,https://repo.maven.apache.org/maven2/org/apache/apache/23/apache-23.pom
org.apache,apache,26,"Apache License, Version 2.0",https://www.apache.org/licenses/LICENSE-2.0.txt,https://repo.maven.apache.org/maven2/org/apache/apache/26/apache-26.pom
org.apache,apache,29,Apache-2.0,https://www.apache.org/licenses/LICENSE-2.0.txt,https://repo.maven.apache.org/maven2/org/apache/apache/29/apache-29.pom
org.apache,apache,30,Apache-2.0,https://www.apache.org/licenses/LICENSE-2.0.txt,https://repo.maven.apache.org/maven2/org/apache/apache/30/apache-30.pom
org.apache,apache,31,Apache-2.0,https://www.apache.org/licenses/LICENSE-2.0.txt,https://repo.maven.apache.org/maven2/org/apache/apache/31/apache-31.pom
org.apache,apache,32,Apache-2.0,https://www.apache.org/licenses/LICENSE-2.0.txt,https://repo.maven.apache.org/maven2/org/apache/apache/32/apache-32.pom
org.apache,apache,33,Apache-2.0,https://www.apache.org/licenses/LICENSE-2.0.txt,https://repo.maven.apache.org/maven2/org/apache/apache/33/apache-33.pom
org.apache,apache,34,Apache-2.0,https://www.apache.org/licenses/LICENSE-2.0.txt,https://repo.maven.apache.org/maven2/org/apache/apache/34/apache-34.pom
org.apache,apache,35,Apache-2.0,https://www.apache.org/licenses/LICENSE-2.0.txt,https://repo.maven.apache.org/maven2/org/apache/apache/35/apache-35.pom
org.apache,apache,37,Apache-2.0,https://www.apache.org/licenses/LICENSE-2.0.txt,https://repo.maven.apache.org/maven2/org/apache/apache/37/apache-37.pom
org.apache,apache,38,Apache-2.0,https://www.apache.org/licenses/LICENSE-2.0.txt,https://repo.maven.apache.org/maven2/org/apache/apache/38/apache-38.pom
org.apache,apache,39,Apache-2.0,https://www.apache.org/licenses/LICENSE-2.0.txt,https://repo.maven.apache.org/maven2/org/apache/apache/39/apache-39.pom
org.apache,apache,4,"The Apache Software License, Version 2.0",http://www.apache.org/licenses/LICENSE-2.0.txt,https://repo.maven.apache.org/maven2/org/apache/apache/4/apache-4.pom
org.apache,apache,6,"The Apache Software License, Version 2.0",http://www.apache.org/licenses/LICENSE-2.0.txt,https://repo.maven.apache.org/maven2/org/apache/apache/6/apache-6.pom
org.apache,apache,7,"The Apache Software License, Version 2.0",http://www.apache.org/licenses/LICENSE-2.0.txt,https://repo.maven.apache.org/maven2/org/apache/apache/7/apache-7.pom
org.apache,apache,9,"The Apache Software License, Version 2.0",http://www.apache.org/licenses/LICENSE-2.0.txt,https://repo.maven.apache.org/maven2/org/apache/apache/9/apache-9.pom
org.apache.cassandra,java-driver-bom,4.19.0,Apache 2,http://www.apache.org/licenses/LICENSE-2.0.txt,https://repo.maven.apache.org/maven2/org/apache/cassandra/java-driver-bom/4.19.0/java-driver-bom-4.19.0.pom
org.apache.cassandra,java-driver-bom,4.19.3,Apache 2,http://www.apache.org/licenses/LICENSE-2.0.txt,https://repo.maven.apache.org/maven2/org/apache/cassandra/java-driver-bom/4.19.3/java-driver-bom-4.19.3.pom
org.apache.commons,commons-compress,1.26.1,Apache-2.0,https://www.apache.org/licenses/LICENSE-2.0.txt,https://repo.maven.apache.org/maven2/org/apache/commons/commons-compress/1.26.1/commons-compress-1.26.1.pom
org.apache.commons,commons-compress,1.28.0,Apache-2.0,https://www.apache.org/licenses/LICENSE-2.0.txt,https://repo.maven.apache.org/maven2/org/apache/commons/commons-compress/1.28.0/commons-compress-1.28.0.pom
org.apache.commons,commons-digester3,3.2,"The Apache Software License, Version 2.0",http://www.apache.org/licenses/LICENSE-2.0.txt,https://repo.maven.apache.org/maven2/org/apache/commons/commons-digester3/3.2/commons-digester3-3.2.pom
org.apache.commons,commons-lang3,3.10,"Apache License, Version 2.0",https://www.apache.org/licenses/LICENSE-2.0.txt,https://repo.maven.apache.org/maven2/org/apache/commons/commons-lang3/3.10/commons-lang3-3.10.pom
org.apache.commons,commons-lang3,3.11,"Apache License, Version 2.0",https://www.apache.org/licenses/LICENSE-2.0.txt,https://repo.maven.apache.org/maven2/org/apache/commons/commons-lang3/3.11/commons-lang3-3.11.pom
org.apache.commons,commons-lang3,3.12.0,"Apache License, Version 2.0",https://www.apache.org/licenses/LICENSE-2.0.txt,https://repo.maven.apache.org/maven2/org/apache/commons/commons-lang3/3.12.0/commons-lang3-3.12.0.pom
org.apache.commons,commons-lang3,3.14.0,Apache-2.0,https://www.apache.org/licenses/LICENSE-2.0.txt,https://repo.maven.apache.org/maven2/org/apache/commons/commons-lang3/3.14.0/commons-lang3-3.14.0.pom
org.apache.commons,commons-lang3,3.17.0,Apache-2.0,https://www.apache.org/licenses/LICENSE-2.0.txt,https://repo.maven.apache.org/maven2/org/apache/commons/commons-lang3/3.17.0/commons-lang3-3.17.0.pom
org.apache.commons,commons-lang3,3.18.0,Apache-2.0,https://www.apache.org/licenses/LICENSE-2.0.txt,https://repo.maven.apache.org/maven2/org/apache/commons/commons-lang3/3.18.0/commons-lang3-3.18.0.pom
org.apache.commons,commons-lang3,3.20.0,Apache-2.0,https://www.apache.org/licenses/LICENSE-2.0.txt,https://repo.maven.apache.org/maven2/org/apache/commons/commons-lang3/3.20.0/commons-lang3-3.20.0.pom
org.apache.commons,commons-parent,14,"The Apache Software License, Version 2.0",http://www.apache.org/licenses/LICENSE-2.0.txt,https://repo.maven.apache.org/maven2/org/apache/commons/commons-parent/14/commons-parent-14.pom
org.apache.commons,commons-parent,22,"The Apache Software License, Version 2.0",http://www.apache.org/licenses/LICENSE-2.0.txt,https://repo.maven.apache.org/maven2/org/apache/commons/commons-parent/22/commons-parent-22.pom
org.apache.commons,commons-parent,34,"The Apache Software License, Version 2.0",http://www.apache.org/licenses/LICENSE-2.0.txt,https://repo.maven.apache.org/maven2/org/apache/commons/commons-parent/34/commons-parent-34.pom
org.apache.commons,commons-parent,39,"Apache License, Version 2.0",http://www.apache.org/licenses/LICENSE-2.0.txt,https://repo.maven.apache.org/maven2/org/apache/commons/commons-parent/39/commons-parent-39.pom
org.apache.commons,commons-parent,47,"Apache License, Version 2.0",https://www.apache.org/licenses/LICENSE-2.0.txt,https://repo.maven.apache.org/maven2/org/apache/commons/commons-parent/47/commons-parent-47.pom
org.apache.commons,commons-parent,5,"The Apache Software License, Version 2.0",http://www.apache.org/licenses/LICENSE-2.0.txt,https://repo.maven.apache.org/maven2/org/apache/commons/commons-parent/5/commons-parent-5.pom
org.apache.commons,commons-parent,50,"Apache License, Version 2.0",https://www.apache.org/licenses/LICENSE-2.0.txt,https://repo.maven.apache.org/maven2/org/apache/commons/commons-parent/50/commons-parent-50.pom
org.apache.commons,commons-parent,51,"Apache License, Version 2.0",https://www.apache.org/licenses/LICENSE-2.0.txt,https://repo.maven.apache.org/maven2/org/apache/commons/commons-parent/51/commons-parent-51.pom
org.apache.commons,commons-parent,52,"Apache License, Version 2.0",https://www.apache.org/licenses/LICENSE-2.0.txt,https://repo.maven.apache.org/maven2/org/apache/commons/commons-parent/52/commons-parent-52.pom
org.apache.commons,commons-parent,64,Apache-2.0,https://www.apache.org/licenses/LICENSE-2.0.txt,https://repo.maven.apache.org/maven2/org/apache/commons/commons-parent/64/commons-parent-64.pom
org.apache.commons,commons-parent,65,Apache-2.0,https://www.apache.org/licenses/LICENSE-2.0.txt,https://repo.maven.apache.org/maven2/org/apache/commons/commons-parent/65/commons-parent-65.pom
org.apache.commons,commons-parent,66,Apache-2.0,https://www.apache.org/licenses/LICENSE-2.0.txt,https://repo.maven.apache.org/maven2/org/apache/commons/commons-parent/66/commons-parent-66.pom
org.apache.commons,commons-parent,69,Apache-2.0,https://www.apache.org/licenses/LICENSE-2.0.txt,https://repo.maven.apache.org/maven2/org/apache/commons/commons-parent/69/commons-parent-69.pom
org.apache.commons,commons-parent,73,Apache-2.0,https://www.apache.org/licenses/LICENSE-2.0.txt,https://repo.maven.apache.org/maven2/org/apache/commons/commons-parent/73/commons-parent-73.pom
org.apache.commons,commons-parent,74,Apache-2.0,https://www.apache.org/licenses/LICENSE-2.0.txt,https://repo.maven.apache.org/maven2/org/apache/commons/commons-parent/74/commons-parent-74.pom
org.apache.commons,commons-parent,81,Apache-2.0,https://www.apache.org/licenses/LICENSE-2.0.txt,https://repo.maven.apache.org/maven2/org/apache/commons/commons-parent/81/commons-parent-81.pom
org.apache.commons,commons-parent,85,Apache-2.0,https://www.apache.org/licenses/LICENSE-2.0.txt,https://repo.maven.apache.org/maven2/org/apache/commons/commons-parent/85/commons-parent-85.pom
org.apache.commons,commons-parent,91,Apache-2.0,https://www.apache.org/licenses/LICENSE-2.0.txt,https://repo.maven.apache.org/maven2/org/apache/commons/commons-parent/91/commons-parent-91.pom
org.apache.commons,commons-parent,92,Apache-2.0,https://www.apache.org/licenses/LICENSE-2.0.txt,https://repo.maven.apache.org/maven2/org/apache/commons/commons-parent/92/commons-parent-92.pom
org.apache.commons,commons-parent,93,Apache-2.0,https://www.apache.org/licenses/LICENSE-2.0.txt,https://repo.maven.apache.org/maven2/org/apache/commons/commons-parent/93/commons-parent-93.pom
org.apache.commons,commons-parent,97,Apache-2.0,https://www.apache.org/licenses/LICENSE-2.0.txt,https://repo.maven.apache.org/maven2/org/apache/commons/commons-parent/97/commons-parent-97.pom
org.apache.commons,commons-text,1.12.0,Apache-2.0,https://www.apache.org/licenses/LICENSE-2.0.txt,https://repo.maven.apache.org/maven2/org/apache/commons/commons-text/1.12.0/commons-text-1.12.0.pom
org.apache.commons,commons-text,1.15.0,Apache-2.0,https://www.apache.org/licenses/LICENSE-2.0.txt,https://repo.maven.apache.org/maven2/org/apache/commons/commons-text/1.15.0/commons-text-1.15.0.pom
org.apache.groovy,groovy,4.0.33,"The Apache Software License, Version 2.0",https://www.apache.org/licenses/LICENSE-2.0.txt,https://repo.maven.apache.org/maven2/org/apache/groovy/groovy/4.0.33/groovy-4.0.33.pom
org.apache.groovy,groovy-bom,4.0.22,"The Apache Software License, Version 2.0",https://www.apache.org/licenses/LICENSE-2.0.txt,https://repo.maven.apache.org/maven2/org/apache/groovy/groovy-bom/4.0.22/groovy-bom-4.0.22.pom
org.apache.groovy,groovy-bom,4.0.26,"The Apache Software License, Version 2.0",https://www.apache.org/licenses/LICENSE-2.0.txt,https://repo.maven.apache.org/maven2/org/apache/groovy/groovy-bom/4.0.26/groovy-bom-4.0.26.pom
org.apache.groovy,groovy-bom,4.0.27,"The Apache Software License, Version 2.0",https://www.apache.org/licenses/LICENSE-2.0.txt,https://repo.maven.apache.org/maven2/org/apache/groovy/groovy-bom/4.0.27/groovy-bom-4.0.27.pom
org.apache.groovy,groovy-bom,4.0.32,"The Apache Software License, Version 2.0",https://www.apache.org/licenses/LICENSE-2.0.txt,https://repo.maven.apache.org/maven2/org/apache/groovy/groovy-bom/4.0.32/groovy-bom-4.0.32.pom
org.apache.groovy,groovy-bom,4.0.33,"The Apache Software License, Version 2.0",https://www.apache.org/licenses/LICENSE-2.0.txt,https://repo.maven.apache.org/maven2/org/apache/groovy/groovy-bom/4.0.33/groovy-bom-4.0.33.pom
org.apache.groovy,groovy-bom,5.0.8,"The Apache Software License, Version 2.0",https://www.apache.org/licenses/LICENSE-2.0.txt,https://repo.maven.apache.org/maven2/org/apache/groovy/groovy-bom/5.0.8/groovy-bom-5.0.8.pom
org.apache.logging.log4j,log4j,2.24.3,Apache-2.0,https://www.apache.org/licenses/LICENSE-2.0.txt,https://repo.maven.apache.org/maven2/org/apache/logging/log4j/log4j/2.24.3/log4j-2.24.3.pom
org.apache.logging.log4j,log4j,2.25.5,Apache-2.0,https://www.apache.org/licenses/LICENSE-2.0.txt,https://repo.maven.apache.org/maven2/org/apache/logging/log4j/log4j/2.25.5/log4j-2.25.5.pom
org.apache.logging.log4j,log4j-api,2.24.3,Apache-2.0,https://www.apache.org/licenses/LICENSE-2.0.txt,https://repo.maven.apache.org/maven2/org/apache/logging/log4j/log4j-api/2.24.3/log4j-api-2.24.3.pom
org.apache.logging.log4j,log4j-api,2.25.5,Apache-2.0,https://www.apache.org/licenses/LICENSE-2.0.txt,https://repo.maven.apache.org/maven2/org/apache/logging/log4j/log4j-api/2.25.5/log4j-api-2.25.5.pom
org.apache.logging.log4j,log4j-bom,2.24.3,Apache-2.0,https://www.apache.org/licenses/LICENSE-2.0.txt,https://repo.maven.apache.org/maven2/org/apache/logging/log4j/log4j-bom/2.24.3/log4j-bom-2.24.3.pom
org.apache.logging.log4j,log4j-bom,2.25.5,Apache-2.0,https://www.apache.org/licenses/LICENSE-2.0.txt,https://repo.maven.apache.org/maven2/org/apache/logging/log4j/log4j-bom/2.25.5/log4j-bom-2.25.5.pom
org.apache.logging.log4j,log4j-to-slf4j,2.24.3,Apache-2.0,https://www.apache.org/licenses/LICENSE-2.0.txt,https://repo.maven.apache.org/maven2/org/apache/logging/log4j/log4j-to-slf4j/2.24.3/log4j-to-slf4j-2.24.3.pom
org.apache.logging.log4j,log4j-to-slf4j,2.25.5,Apache-2.0,https://www.apache.org/licenses/LICENSE-2.0.txt,https://repo.maven.apache.org/maven2/org/apache/logging/log4j/log4j-to-slf4j/2.25.5/log4j-to-slf4j-2.25.5.pom
org.apache.logging,logging-parent,11.3.0,Apache-2.0,https://www.apache.org/licenses/LICENSE-2.0.txt,https://repo.maven.apache.org/maven2/org/apache/logging/logging-parent/11.3.0/logging-parent-11.3.0.pom
org.apache.maven.doxia,doxia,2.0.0,Apache-2.0,https://www.apache.org/licenses/LICENSE-2.0.txt,https://repo.maven.apache.org/maven2/org/apache/maven/doxia/doxia/2.0.0/doxia-2.0.0.pom
org.apache.maven.doxia,doxia,2.1.0,Apache-2.0,https://www.apache.org/licenses/LICENSE-2.0.txt,https://repo.maven.apache.org/maven2/org/apache/maven/doxia/doxia/2.1.0/doxia-2.1.0.pom
org.apache.maven.doxia,doxia-core,2.0.0,Apache-2.0,https://www.apache.org/licenses/LICENSE-2.0.txt,https://repo.maven.apache.org/maven2/org/apache/maven/doxia/doxia-core/2.0.0/doxia-core-2.0.0.pom
org.apache.maven.doxia,doxia-integration-tools,2.0.0,Apache-2.0,https://www.apache.org/licenses/LICENSE-2.0.txt,https://repo.maven.apache.org/maven2/org/apache/maven/doxia/doxia-integration-tools/2.0.0/doxia-integration-tools-2.0.0.pom
org.apache.maven.doxia,doxia-module-apt,2.0.0,Apache-2.0,https://www.apache.org/licenses/LICENSE-2.0.txt,https://repo.maven.apache.org/maven2/org/apache/maven/doxia/doxia-module-apt/2.0.0/doxia-module-apt-2.0.0.pom
org.apache.maven.doxia,doxia-module-xdoc,2.0.0,Apache-2.0,https://www.apache.org/licenses/LICENSE-2.0.txt,https://repo.maven.apache.org/maven2/org/apache/maven/doxia/doxia-module-xdoc/2.0.0/doxia-module-xdoc-2.0.0.pom
org.apache.maven.doxia,doxia-module-xhtml5,2.0.0,Apache-2.0,https://www.apache.org/licenses/LICENSE-2.0.txt,https://repo.maven.apache.org/maven2/org/apache/maven/doxia/doxia-module-xhtml5/2.0.0/doxia-module-xhtml5-2.0.0.pom
org.apache.maven.doxia,doxia-modules,2.0.0,Apache-2.0,https://www.apache.org/licenses/LICENSE-2.0.txt,https://repo.maven.apache.org/maven2/org/apache/maven/doxia/doxia-modules/2.0.0/doxia-modules-2.0.0.pom
org.apache.maven.doxia,doxia-sink-api,2.0.0,Apache-2.0,https://www.apache.org/licenses/LICENSE-2.0.txt,https://repo.maven.apache.org/maven2/org/apache/maven/doxia/doxia-sink-api/2.0.0/doxia-sink-api-2.0.0.pom
org.apache.maven.doxia,doxia-sink-api,2.1.0,Apache-2.0,https://www.apache.org/licenses/LICENSE-2.0.txt,https://repo.maven.apache.org/maven2/org/apache/maven/doxia/doxia-sink-api/2.1.0/doxia-sink-api-2.1.0.pom
org.apache.maven.doxia,doxia-site-model,2.0.0,Apache-2.0,https://www.apache.org/licenses/LICENSE-2.0.txt,https://repo.maven.apache.org/maven2/org/apache/maven/doxia/doxia-site-model/2.0.0/doxia-site-model-2.0.0.pom
org.apache.maven.doxia,doxia-site-renderer,2.0.0,Apache-2.0,https://www.apache.org/licenses/LICENSE-2.0.txt,https://repo.maven.apache.org/maven2/org/apache/maven/doxia/doxia-site-renderer/2.0.0/doxia-site-renderer-2.0.0.pom
org.apache.maven.doxia,doxia-sitetools,2.0.0,Apache-2.0,https://www.apache.org/licenses/LICENSE-2.0.txt,https://repo.maven.apache.org/maven2/org/apache/maven/doxia/doxia-sitetools/2.0.0/doxia-sitetools-2.0.0.pom
org.apache.maven.doxia,doxia-skin-model,2.0.0,Apache-2.0,https://www.apache.org/licenses/LICENSE-2.0.txt,https://repo.maven.apache.org/maven2/org/apache/maven/doxia/doxia-skin-model/2.0.0/doxia-skin-model-2.0.0.pom
org.apache.maven,maven,3.0,"The Apache Software License, Version 2.0",http://www.apache.org/licenses/LICENSE-2.0.txt,https://repo.maven.apache.org/maven2/org/apache/maven/maven/3.0/maven-3.0.pom
org.apache.maven,maven,4.0.0-rc-5,Apache-2.0,https://www.apache.org/licenses/LICENSE-2.0.txt,https://repo.maven.apache.org/maven2/org/apache/maven/maven/4.0.0-rc-5/maven-4.0.0-rc-5.pom
org.apache.maven,maven,4.0.0-rc-6,Apache-2.0,https://www.apache.org/licenses/LICENSE-2.0.txt,https://repo.maven.apache.org/maven2/org/apache/maven/maven/4.0.0-rc-6/maven-4.0.0-rc-6.pom
org.apache.maven,maven-api,4.0.0-rc-6,Apache-2.0,https://www.apache.org/licenses/LICENSE-2.0.txt,https://repo.maven.apache.org/maven2/org/apache/maven/maven-api/4.0.0-rc-6/maven-api-4.0.0-rc-6.pom
org.apache.maven,maven-api-annotations,4.0.0-rc-6,Apache-2.0,https://www.apache.org/licenses/LICENSE-2.0.txt,https://repo.maven.apache.org/maven2/org/apache/maven/maven-api-annotations/4.0.0-rc-6/maven-api-annotations-4.0.0-rc-6.pom
org.apache.maven,maven-api-xml,4.0.0-rc-6,Apache-2.0,https://www.apache.org/licenses/LICENSE-2.0.txt,https://repo.maven.apache.org/maven2/org/apache/maven/maven-api-xml/4.0.0-rc-6/maven-api-xml-4.0.0-rc-6.pom
org.apache.maven,maven-archiver,3.6.2,Apache-2.0,https://www.apache.org/licenses/LICENSE-2.0.txt,https://repo.maven.apache.org/maven2/org/apache/maven/maven-archiver/3.6.2/maven-archiver-3.6.2.pom
org.apache.maven,maven-impl-modules,4.0.0-rc-5,Apache-2.0,https://www.apache.org/licenses/LICENSE-2.0.txt,https://repo.maven.apache.org/maven2/org/apache/maven/maven-impl-modules/4.0.0-rc-5/maven-impl-modules-4.0.0-rc-5.pom
org.apache.maven,maven-model,3.0,"The Apache Software License, Version 2.0",http://www.apache.org/licenses/LICENSE-2.0.txt,https://repo.maven.apache.org/maven2/org/apache/maven/maven-model/3.0/maven-model-3.0.pom
org.apache.maven,maven-parent,15,"The Apache Software License, Version 2.0",http://www.apache.org/licenses/LICENSE-2.0.txt,https://repo.maven.apache.org/maven2/org/apache/maven/maven-parent/15/maven-parent-15.pom
org.apache.maven,maven-parent,23,"The Apache Software License, Version 2.0",http://www.apache.org/licenses/LICENSE-2.0.txt,https://repo.maven.apache.org/maven2/org/apache/maven/maven-parent/23/maven-parent-23.pom
org.apache.maven,maven-parent,30,"Apache License, Version 2.0",https://www.apache.org/licenses/LICENSE-2.0.txt,https://repo.maven.apache.org/maven2/org/apache/maven/maven-parent/30/maven-parent-30.pom
org.apache.maven,maven-parent,33,"Apache License, Version 2.0",https://www.apache.org/licenses/LICENSE-2.0.txt,https://repo.maven.apache.org/maven2/org/apache/maven/maven-parent/33/maven-parent-33.pom
org.apache.maven,maven-parent,34,"Apache License, Version 2.0",https://www.apache.org/licenses/LICENSE-2.0.txt,https://repo.maven.apache.org/maven2/org/apache/maven/maven-parent/34/maven-parent-34.pom
org.apache.maven,maven-parent,36,"Apache License, Version 2.0",https://www.apache.org/licenses/LICENSE-2.0.txt,https://repo.maven.apache.org/maven2/org/apache/maven/maven-parent/36/maven-parent-36.pom
org.apache.maven,maven-parent,39,Apache-2.0,https://www.apache.org/licenses/LICENSE-2.0.txt,https://repo.maven.apache.org/maven2/org/apache/maven/maven-parent/39/maven-parent-39.pom
org.apache.maven,maven-parent,41,Apache-2.0,https://www.apache.org/licenses/LICENSE-2.0.txt,https://repo.maven.apache.org/maven2/org/apache/maven/maven-parent/41/maven-parent-41.pom
org.apache.maven,maven-parent,42,Apache-2.0,https://www.apache.org/licenses/LICENSE-2.0.txt,https://repo.maven.apache.org/maven2/org/apache/maven/maven-parent/42/maven-parent-42.pom
org.apache.maven,maven-parent,43,Apache-2.0,https://www.apache.org/licenses/LICENSE-2.0.txt,https://repo.maven.apache.org/maven2/org/apache/maven/maven-parent/43/maven-parent-43.pom
org.apache.maven,maven-parent,44,Apache-2.0,https://www.apache.org/licenses/LICENSE-2.0.txt,https://repo.maven.apache.org/maven2/org/apache/maven/maven-parent/44/maven-parent-44.pom
org.apache.maven,maven-parent,45,Apache-2.0,https://www.apache.org/licenses/LICENSE-2.0.txt,https://repo.maven.apache.org/maven2/org/apache/maven/maven-parent/45/maven-parent-45.pom
org.apache.maven,maven-parent,47,Apache-2.0,https://www.apache.org/licenses/LICENSE-2.0.txt,https://repo.maven.apache.org/maven2/org/apache/maven/maven-parent/47/maven-parent-47.pom
org.apache.maven,maven-parent,48,Apache-2.0,https://www.apache.org/licenses/LICENSE-2.0.txt,https://repo.maven.apache.org/maven2/org/apache/maven/maven-parent/48/maven-parent-48.pom
org.apache.maven,maven-parent,49,Apache-2.0,https://www.apache.org/licenses/LICENSE-2.0.txt,https://repo.maven.apache.org/maven2/org/apache/maven/maven-parent/49/maven-parent-49.pom
org.apache.maven,maven-plugin-api,3.0,"The Apache Software License, Version 2.0",http://www.apache.org/licenses/LICENSE-2.0.txt,https://repo.maven.apache.org/maven2/org/apache/maven/maven-plugin-api/3.0/maven-plugin-api-3.0.pom
org.apache.maven,maven-xml,4.0.0-rc-5,Apache-2.0,https://www.apache.org/licenses/LICENSE-2.0.txt,https://repo.maven.apache.org/maven2/org/apache/maven/maven-xml/4.0.0-rc-5/maven-xml-4.0.0-rc-5.pom
org.apache.maven.plugins,maven-compiler-plugin,3.14.0,Apache-2.0,https://www.apache.org/licenses/LICENSE-2.0.txt,https://repo.maven.apache.org/maven2/org/apache/maven/plugins/maven-compiler-plugin/3.14.0/maven-compiler-plugin-3.14.0.pom
org.apache.maven.plugins,maven-compiler-plugin,3.14.1,Apache-2.0,https://www.apache.org/licenses/LICENSE-2.0.txt,https://repo.maven.apache.org/maven2/org/apache/maven/plugins/maven-compiler-plugin/3.14.1/maven-compiler-plugin-3.14.1.pom
org.apache.maven.plugins,maven-dependency-plugin,3.11.0,Apache-2.0,https://www.apache.org/licenses/LICENSE-2.0.txt,https://repo.maven.apache.org/maven2/org/apache/maven/plugins/maven-dependency-plugin/3.11.0/maven-dependency-plugin-3.11.0.pom
org.apache.maven.plugins,maven-jar-plugin,3.4.2,Apache-2.0,https://www.apache.org/licenses/LICENSE-2.0.txt,https://repo.maven.apache.org/maven2/org/apache/maven/plugins/maven-jar-plugin/3.4.2/maven-jar-plugin-3.4.2.pom
org.apache.maven.plugins,maven-plugins,39,Apache-2.0,https://www.apache.org/licenses/LICENSE-2.0.txt,https://repo.maven.apache.org/maven2/org/apache/maven/plugins/maven-plugins/39/maven-plugins-39.pom
org.apache.maven.plugins,maven-plugins,42,Apache-2.0,https://www.apache.org/licenses/LICENSE-2.0.txt,https://repo.maven.apache.org/maven2/org/apache/maven/plugins/maven-plugins/42/maven-plugins-42.pom
org.apache.maven.plugins,maven-plugins,43,Apache-2.0,https://www.apache.org/licenses/LICENSE-2.0.txt,https://repo.maven.apache.org/maven2/org/apache/maven/plugins/maven-plugins/43/maven-plugins-43.pom
org.apache.maven.plugins,maven-plugins,45,Apache-2.0,https://www.apache.org/licenses/LICENSE-2.0.txt,https://repo.maven.apache.org/maven2/org/apache/maven/plugins/maven-plugins/45/maven-plugins-45.pom
org.apache.maven.plugins,maven-plugins,48,Apache-2.0,https://www.apache.org/licenses/LICENSE-2.0.txt,https://repo.maven.apache.org/maven2/org/apache/maven/plugins/maven-plugins/48/maven-plugins-48.pom
org.apache.maven.plugins,maven-resources-plugin,3.3.1,Apache-2.0,https://www.apache.org/licenses/LICENSE-2.0.txt,https://repo.maven.apache.org/maven2/org/apache/maven/plugins/maven-resources-plugin/3.3.1/maven-resources-plugin-3.3.1.pom
org.apache.maven.plugins,maven-surefire-plugin,3.5.3,Apache-2.0,https://www.apache.org/licenses/LICENSE-2.0.txt,https://repo.maven.apache.org/maven2/org/apache/maven/plugins/maven-surefire-plugin/3.5.3/maven-surefire-plugin-3.5.3.pom
org.apache.maven.plugins,maven-surefire-plugin,3.5.6,Apache-2.0,https://www.apache.org/licenses/LICENSE-2.0.txt,https://repo.maven.apache.org/maven2/org/apache/maven/plugins/maven-surefire-plugin/3.5.6/maven-surefire-plugin-3.5.6.pom
org.apache.maven.reporting,maven-reporting-api,4.0.0,Apache-2.0,https://www.apache.org/licenses/LICENSE-2.0.txt,https://repo.maven.apache.org/maven2/org/apache/maven/reporting/maven-reporting-api/4.0.0/maven-reporting-api-4.0.0.pom
org.apache.maven.reporting,maven-reporting-impl,4.0.0,Apache-2.0,https://www.apache.org/licenses/LICENSE-2.0.txt,https://repo.maven.apache.org/maven2/org/apache/maven/reporting/maven-reporting-impl/4.0.0/maven-reporting-impl-4.0.0.pom
org.apache.maven.resolver,maven-resolver,1.4.1,"Apache License, Version 2.0",https://www.apache.org/licenses/LICENSE-2.0.txt,https://repo.maven.apache.org/maven2/org/apache/maven/resolver/maven-resolver/1.4.1/maven-resolver-1.4.1.pom
org.apache.maven.resolver,maven-resolver,1.9.25,Apache-2.0,https://www.apache.org/licenses/LICENSE-2.0.txt,https://repo.maven.apache.org/maven2/org/apache/maven/resolver/maven-resolver/1.9.25/maven-resolver-1.9.25.pom
org.apache.maven.resolver,maven-resolver-api,1.4.1,"Apache License, Version 2.0",https://www.apache.org/licenses/LICENSE-2.0.txt,https://repo.maven.apache.org/maven2/org/apache/maven/resolver/maven-resolver-api/1.4.1/maven-resolver-api-1.4.1.pom
org.apache.maven.resolver,maven-resolver-api,1.9.25,Apache-2.0,https://www.apache.org/licenses/LICENSE-2.0.txt,https://repo.maven.apache.org/maven2/org/apache/maven/resolver/maven-resolver-api/1.9.25/maven-resolver-api-1.9.25.pom
org.apache.maven.resolver,maven-resolver-util,1.4.1,"Apache License, Version 2.0",https://www.apache.org/licenses/LICENSE-2.0.txt,https://repo.maven.apache.org/maven2/org/apache/maven/resolver/maven-resolver-util/1.4.1/maven-resolver-util-1.4.1.pom
org.apache.maven.resolver,maven-resolver-util,1.9.25,Apache-2.0,https://www.apache.org/licenses/LICENSE-2.0.txt,https://repo.maven.apache.org/maven2/org/apache/maven/resolver/maven-resolver-util/1.9.25/maven-resolver-util-1.9.25.pom
org.apache.maven.shared,file-management,3.1.0,"Apache License, Version 2.0",https://www.apache.org/licenses/LICENSE-2.0.txt,https://repo.maven.apache.org/maven2/org/apache/maven/shared/file-management/3.1.0/file-management-3.1.0.pom
org.apache.maven.shared,maven-artifact-transfer,0.13.1,"Apache License, Version 2.0",https://www.apache.org/licenses/LICENSE-2.0.txt,https://repo.maven.apache.org/maven2/org/apache/maven/shared/maven-artifact-transfer/0.13.1/maven-artifact-transfer-0.13.1.pom
org.apache.maven.shared,maven-common-artifact-filters,3.1.0,"Apache License, Version 2.0",https://www.apache.org/licenses/LICENSE-2.0.txt,https://repo.maven.apache.org/maven2/org/apache/maven/shared/maven-common-artifact-filters/3.1.0/maven-common-artifact-filters-3.1.0.pom
org.apache.maven.shared,maven-common-artifact-filters,3.4.0,Apache-2.0,https://www.apache.org/licenses/LICENSE-2.0.txt,https://repo.maven.apache.org/maven2/org/apache/maven/shared/maven-common-artifact-filters/3.4.0/maven-common-artifact-filters-3.4.0.pom
org.apache.maven.shared,maven-dependency-analyzer,1.17.1,Apache-2.0,https://www.apache.org/licenses/LICENSE-2.0.txt,https://repo.maven.apache.org/maven2/org/apache/maven/shared/maven-dependency-analyzer/1.17.1/maven-dependency-analyzer-1.17.1.pom
org.apache.maven.shared,maven-dependency-tree,3.3.0,Apache-2.0,https://www.apache.org/licenses/LICENSE-2.0.txt,https://repo.maven.apache.org/maven2/org/apache/maven/shared/maven-dependency-tree/3.3.0/maven-dependency-tree-3.3.0.pom
org.apache.maven.shared,maven-filtering,3.3.1,Apache-2.0,https://www.apache.org/licenses/LICENSE-2.0.txt,https://repo.maven.apache.org/maven2/org/apache/maven/shared/maven-filtering/3.3.1/maven-filtering-3.3.1.pom
org.apache.maven.shared,maven-shared-components,19,"The Apache Software License, Version 2.0",http://www.apache.org/licenses/LICENSE-2.0.txt,https://repo.maven.apache.org/maven2/org/apache/maven/shared/maven-shared-components/19/maven-shared-components-19.pom
org.apache.maven.shared,maven-shared-components,30,"Apache License, Version 2.0",https://www.apache.org/licenses/LICENSE-2.0.txt,https://repo.maven.apache.org/maven2/org/apache/maven/shared/maven-shared-components/30/maven-shared-components-30.pom
org.apache.maven.shared,maven-shared-components,33,"Apache License, Version 2.0",https://www.apache.org/licenses/LICENSE-2.0.txt,https://repo.maven.apache.org/maven2/org/apache/maven/shared/maven-shared-components/33/maven-shared-components-33.pom
org.apache.maven.shared,maven-shared-components,34,"Apache License, Version 2.0",https://www.apache.org/licenses/LICENSE-2.0.txt,https://repo.maven.apache.org/maven2/org/apache/maven/shared/maven-shared-components/34/maven-shared-components-34.pom
org.apache.maven.shared,maven-shared-components,36,"Apache License, Version 2.0",https://www.apache.org/licenses/LICENSE-2.0.txt,https://repo.maven.apache.org/maven2/org/apache/maven/shared/maven-shared-components/36/maven-shared-components-36.pom
org.apache.maven.shared,maven-shared-components,39,Apache-2.0,https://www.apache.org/licenses/LICENSE-2.0.txt,https://repo.maven.apache.org/maven2/org/apache/maven/shared/maven-shared-components/39/maven-shared-components-39.pom
org.apache.maven.shared,maven-shared-components,41,Apache-2.0,https://www.apache.org/licenses/LICENSE-2.0.txt,https://repo.maven.apache.org/maven2/org/apache/maven/shared/maven-shared-components/41/maven-shared-components-41.pom
org.apache.maven.shared,maven-shared-components,42,Apache-2.0,https://www.apache.org/licenses/LICENSE-2.0.txt,https://repo.maven.apache.org/maven2/org/apache/maven/shared/maven-shared-components/42/maven-shared-components-42.pom
org.apache.maven.shared,maven-shared-components,43,Apache-2.0,https://www.apache.org/licenses/LICENSE-2.0.txt,https://repo.maven.apache.org/maven2/org/apache/maven/shared/maven-shared-components/43/maven-shared-components-43.pom
org.apache.maven.shared,maven-shared-components,48,Apache-2.0,https://www.apache.org/licenses/LICENSE-2.0.txt,https://repo.maven.apache.org/maven2/org/apache/maven/shared/maven-shared-components/48/maven-shared-components-48.pom
org.apache.maven.shared,maven-shared-incremental,1.1,"The Apache Software License, Version 2.0",http://www.apache.org/licenses/LICENSE-2.0.txt,https://repo.maven.apache.org/maven2/org/apache/maven/shared/maven-shared-incremental/1.1/maven-shared-incremental-1.1.pom
org.apache.maven.shared,maven-shared-utils,3.1.0,"Apache License, Version 2.0",https://www.apache.org/licenses/LICENSE-2.0.txt,https://repo.maven.apache.org/maven2/org/apache/maven/shared/maven-shared-utils/3.1.0/maven-shared-utils-3.1.0.pom
org.apache.maven.shared,maven-shared-utils,3.4.2,Apache-2.0,https://www.apache.org/licenses/LICENSE-2.0.txt,https://repo.maven.apache.org/maven2/org/apache/maven/shared/maven-shared-utils/3.4.2/maven-shared-utils-3.4.2.pom
org.apache.maven.surefire,maven-surefire-common,3.5.3,Apache-2.0,https://www.apache.org/licenses/LICENSE-2.0.txt,https://repo.maven.apache.org/maven2/org/apache/maven/surefire/maven-surefire-common/3.5.3/maven-surefire-common-3.5.3.pom
org.apache.maven.surefire,maven-surefire-common,3.5.6,Apache-2.0,https://www.apache.org/licenses/LICENSE-2.0.txt,https://repo.maven.apache.org/maven2/org/apache/maven/surefire/maven-surefire-common/3.5.6/maven-surefire-common-3.5.6.pom
org.apache.maven.surefire,surefire,3.5.3,Apache-2.0,https://www.apache.org/licenses/LICENSE-2.0.txt,https://repo.maven.apache.org/maven2/org/apache/maven/surefire/surefire/3.5.3/surefire-3.5.3.pom
org.apache.maven.surefire,surefire,3.5.6,Apache-2.0,https://www.apache.org/licenses/LICENSE-2.0.txt,https://repo.maven.apache.org/maven2/org/apache/maven/surefire/surefire/3.5.6/surefire-3.5.6.pom
org.apache.maven.surefire,surefire-api,3.5.3,Apache-2.0,https://www.apache.org/licenses/LICENSE-2.0.txt,https://repo.maven.apache.org/maven2/org/apache/maven/surefire/surefire-api/3.5.3/surefire-api-3.5.3.pom
org.apache.maven.surefire,surefire-api,3.5.6,Apache-2.0,https://www.apache.org/licenses/LICENSE-2.0.txt,https://repo.maven.apache.org/maven2/org/apache/maven/surefire/surefire-api/3.5.6/surefire-api-3.5.6.pom
org.apache.maven.surefire,surefire-booter,3.5.3,Apache-2.0,https://www.apache.org/licenses/LICENSE-2.0.txt,https://repo.maven.apache.org/maven2/org/apache/maven/surefire/surefire-booter/3.5.3/surefire-booter-3.5.3.pom
org.apache.maven.surefire,surefire-booter,3.5.6,Apache-2.0,https://www.apache.org/licenses/LICENSE-2.0.txt,https://repo.maven.apache.org/maven2/org/apache/maven/surefire/surefire-booter/3.5.6/surefire-booter-3.5.6.pom
org.apache.maven.surefire,surefire-extensions-api,3.5.3,Apache-2.0,https://www.apache.org/licenses/LICENSE-2.0.txt,https://repo.maven.apache.org/maven2/org/apache/maven/surefire/surefire-extensions-api/3.5.3/surefire-extensions-api-3.5.3.pom
org.apache.maven.surefire,surefire-extensions-api,3.5.6,Apache-2.0,https://www.apache.org/licenses/LICENSE-2.0.txt,https://repo.maven.apache.org/maven2/org/apache/maven/surefire/surefire-extensions-api/3.5.6/surefire-extensions-api-3.5.6.pom
org.apache.maven.surefire,surefire-extensions-spi,3.5.3,Apache-2.0,https://www.apache.org/licenses/LICENSE-2.0.txt,https://repo.maven.apache.org/maven2/org/apache/maven/surefire/surefire-extensions-spi/3.5.3/surefire-extensions-spi-3.5.3.pom
org.apache.maven.surefire,surefire-extensions-spi,3.5.6,Apache-2.0,https://www.apache.org/licenses/LICENSE-2.0.txt,https://repo.maven.apache.org/maven2/org/apache/maven/surefire/surefire-extensions-spi/3.5.6/surefire-extensions-spi-3.5.6.pom
org.apache.maven.surefire,surefire-logger-api,3.5.3,Apache-2.0,https://www.apache.org/licenses/LICENSE-2.0.txt,https://repo.maven.apache.org/maven2/org/apache/maven/surefire/surefire-logger-api/3.5.3/surefire-logger-api-3.5.3.pom
org.apache.maven.surefire,surefire-logger-api,3.5.6,Apache-2.0,https://www.apache.org/licenses/LICENSE-2.0.txt,https://repo.maven.apache.org/maven2/org/apache/maven/surefire/surefire-logger-api/3.5.6/surefire-logger-api-3.5.6.pom
org.apache.maven.surefire,surefire-shared-utils,3.5.3,"The Apache Software License, Version 2.0",http://www.apache.org/licenses/LICENSE-2.0.txt,https://repo.maven.apache.org/maven2/org/apache/maven/surefire/surefire-shared-utils/3.5.3/surefire-shared-utils-3.5.3.pom
org.apache.maven.surefire,surefire-shared-utils,3.5.6,"The Apache Software License, Version 2.0",http://www.apache.org/licenses/LICENSE-2.0.txt,https://repo.maven.apache.org/maven2/org/apache/maven/surefire/surefire-shared-utils/3.5.6/surefire-shared-utils-3.5.6.pom
org.apache.pulsar,pulsar-bom,4.0.11,"Apache License, Version 2.0",https://www.apache.org/licenses/LICENSE-2.0.txt,https://repo.maven.apache.org/maven2/org/apache/pulsar/pulsar-bom/4.0.11/pulsar-bom-4.0.11.pom
org.apache.pulsar,pulsar-bom,4.0.4,"Apache License, Version 2.0",https://www.apache.org/licenses/LICENSE-2.0.txt,https://repo.maven.apache.org/maven2/org/apache/pulsar/pulsar-bom/4.0.4/pulsar-bom-4.0.4.pom
org.apache.pulsar,pulsar-bom,4.1.3,"Apache License, Version 2.0",https://www.apache.org/licenses/LICENSE-2.0.txt,https://repo.maven.apache.org/maven2/org/apache/pulsar/pulsar-bom/4.1.3/pulsar-bom-4.1.3.pom
org.apache.pulsar,pulsar-client-reactive-bom,0.6.0,"The Apache License, Version 2.0",http://www.apache.org/licenses/LICENSE-2.0.txt,https://repo.maven.apache.org/maven2/org/apache/pulsar/pulsar-client-reactive-bom/0.6.0/pulsar-client-reactive-bom-0.6.0.pom
org.apache.tomcat.embed,tomcat-embed-core,10.1.41,"Apache License, Version 2.0",http://www.apache.org/licenses/LICENSE-2.0.txt,https://repo.maven.apache.org/maven2/org/apache/tomcat/embed/tomcat-embed-core/10.1.41/tomcat-embed-core-10.1.41.pom
org.apache.tomcat.embed,tomcat-embed-core,10.1.55,"Apache License, Version 2.0",http://www.apache.org/licenses/LICENSE-2.0.txt,https://repo.maven.apache.org/maven2/org/apache/tomcat/embed/tomcat-embed-core/10.1.55/tomcat-embed-core-10.1.55.pom
org.apache.tomcat.embed,tomcat-embed-core,11.0.24,"Apache License, Version 2.0",http://www.apache.org/licenses/LICENSE-2.0.txt,https://repo.maven.apache.org/maven2/org/apache/tomcat/embed/tomcat-embed-core/11.0.24/tomcat-embed-core-11.0.24.pom
org.apache.tomcat.embed,tomcat-embed-el,10.1.41,"Apache License, Version 2.0",http://www.apache.org/licenses/LICENSE-2.0.txt,https://repo.maven.apache.org/maven2/org/apache/tomcat/embed/tomcat-embed-el/10.1.41/tomcat-embed-el-10.1.41.pom
org.apache.tomcat.embed,tomcat-embed-el,10.1.55,"Apache License, Version 2.0",http://www.apache.org/licenses/LICENSE-2.0.txt,https://repo.maven.apache.org/maven2/org/apache/tomcat/embed/tomcat-embed-el/10.1.55/tomcat-embed-el-10.1.55.pom
org.apache.tomcat.embed,tomcat-embed-el,11.0.24,"Apache License, Version 2.0",http://www.apache.org/licenses/LICENSE-2.0.txt,https://repo.maven.apache.org/maven2/org/apache/tomcat/embed/tomcat-embed-el/11.0.24/tomcat-embed-el-11.0.24.pom
org.apache.tomcat.embed,tomcat-embed-websocket,10.1.41,"Apache License, Version 2.0",http://www.apache.org/licenses/LICENSE-2.0.txt,https://repo.maven.apache.org/maven2/org/apache/tomcat/embed/tomcat-embed-websocket/10.1.41/tomcat-embed-websocket-10.1.41.pom
org.apache.tomcat.embed,tomcat-embed-websocket,10.1.55,"Apache License, Version 2.0",http://www.apache.org/licenses/LICENSE-2.0.txt,https://repo.maven.apache.org/maven2/org/apache/tomcat/embed/tomcat-embed-websocket/10.1.55/tomcat-embed-websocket-10.1.55.pom
org.apache.tomcat.embed,tomcat-embed-websocket,11.0.24,"Apache License, Version 2.0",http://www.apache.org/licenses/LICENSE-2.0.txt,https://repo.maven.apache.org/maven2/org/apache/tomcat/embed/tomcat-embed-websocket/11.0.24/tomcat-embed-websocket-11.0.24.pom
org.apache.velocity.tools,velocity-tools-generic,3.1,"Apache License, Version 2.0",https://www.apache.org/licenses/LICENSE-2.0.txt,https://repo.maven.apache.org/maven2/org/apache/velocity/tools/velocity-tools-generic/3.1/velocity-tools-generic-3.1.pom
org.apache.velocity.tools,velocity-tools-parent,3.1,"Apache License, Version 2.0",https://www.apache.org/licenses/LICENSE-2.0.txt,https://repo.maven.apache.org/maven2/org/apache/velocity/tools/velocity-tools-parent/3.1/velocity-tools-parent-3.1.pom
org.apache.velocity,velocity-engine-core,2.3,"Apache License, Version 2.0",https://www.apache.org/licenses/LICENSE-2.0.txt,https://repo.maven.apache.org/maven2/org/apache/velocity/velocity-engine-core/2.3/velocity-engine-core-2.3.pom
org.apache.velocity,velocity-engine-core,2.4,Apache-2.0,https://www.apache.org/licenses/LICENSE-2.0.txt,https://repo.maven.apache.org/maven2/org/apache/velocity/velocity-engine-core/2.4/velocity-engine-core-2.4.pom
org.apache.velocity,velocity-engine-core,2.4.1,Apache-2.0,https://www.apache.org/licenses/LICENSE-2.0.txt,https://repo.maven.apache.org/maven2/org/apache/velocity/velocity-engine-core/2.4.1/velocity-engine-core-2.4.1.pom
org.apache.velocity,velocity-engine-parent,2.3,"Apache License, Version 2.0",https://www.apache.org/licenses/LICENSE-2.0.txt,https://repo.maven.apache.org/maven2/org/apache/velocity/velocity-engine-parent/2.3/velocity-engine-parent-2.3.pom
org.apache.velocity,velocity-engine-parent,2.4,Apache-2.0,https://www.apache.org/licenses/LICENSE-2.0.txt,https://repo.maven.apache.org/maven2/org/apache/velocity/velocity-engine-parent/2.4/velocity-engine-parent-2.4.pom
org.apache.velocity,velocity-engine-parent,2.4.1,Apache-2.0,https://www.apache.org/licenses/LICENSE-2.0.txt,https://repo.maven.apache.org/maven2/org/apache/velocity/velocity-engine-parent/2.4.1/velocity-engine-parent-2.4.1.pom
org.apache.velocity,velocity-master,4,"Apache License, Version 2.0",https://www.apache.org/licenses/LICENSE-2.0.txt,https://repo.maven.apache.org/maven2/org/apache/velocity/velocity-master/4/velocity-master-4.pom
org.apache.velocity,velocity-master,7,Apache-2.0,https://www.apache.org/licenses/LICENSE-2.0.txt,https://repo.maven.apache.org/maven2/org/apache/velocity/velocity-master/7/velocity-master-7.pom
org.aspectj,aspectjweaver,1.9.24,Eclipse Public License - v 2.0,https://www.eclipse.org/org/documents/epl-2.0/EPL-2.0.txt,https://repo.maven.apache.org/maven2/org/aspectj/aspectjweaver/1.9.24/aspectjweaver-1.9.24.pom
org.aspectj,aspectjweaver,1.9.25.1,Eclipse Public License - v 2.0,https://www.eclipse.org/org/documents/epl-2.0/EPL-2.0.txt,https://repo.maven.apache.org/maven2/org/aspectj/aspectjweaver/1.9.25.1/aspectjweaver-1.9.25.1.pom
org.assertj,assertj-bom,3.27.3,Apache-2.0,https://www.apache.org/licenses/LICENSE-2.0.txt,https://repo.maven.apache.org/maven2/org/assertj/assertj-bom/3.27.3/assertj-bom-3.27.3.pom
org.assertj,assertj-bom,3.27.7,Apache-2.0,https://www.apache.org/licenses/LICENSE-2.0.txt,https://repo.maven.apache.org/maven2/org/assertj/assertj-bom/3.27.7/assertj-bom-3.27.7.pom
org.checkerframework,checker-qual,3.19.0,The MIT License,http://opensource.org/licenses/MIT,https://repo.maven.apache.org/maven2/org/checkerframework/checker-qual/3.19.0/checker-qual-3.19.0.pom
org.codehaus.plexus,plexus,1.0.10,NON DECLAREE / A VERIFIER,,https://repo.maven.apache.org/maven2/org/codehaus/plexus/plexus/1.0.10/plexus-1.0.10.pom
org.codehaus.plexus,plexus,10,"Apache License, Version 2.0",http://www.apache.org/licenses/LICENSE-2.0.txt,https://repo.maven.apache.org/maven2/org/codehaus/plexus/plexus/10/plexus-10.pom
org.codehaus.plexus,plexus,16,"Apache License, Version 2.0",https://www.apache.org/licenses/LICENSE-2.0.txt,https://repo.maven.apache.org/maven2/org/codehaus/plexus/plexus/16/plexus-16.pom
org.codehaus.plexus,plexus,17,"Apache License, Version 2.0",https://www.apache.org/licenses/LICENSE-2.0.txt,https://repo.maven.apache.org/maven2/org/codehaus/plexus/plexus/17/plexus-17.pom
org.codehaus.plexus,plexus,18,"Apache License, Version 2.0",https://www.apache.org/licenses/LICENSE-2.0.txt,https://repo.maven.apache.org/maven2/org/codehaus/plexus/plexus/18/plexus-18.pom
org.codehaus.plexus,plexus,19,"Apache License, Version 2.0",https://www.apache.org/licenses/LICENSE-2.0.txt,https://repo.maven.apache.org/maven2/org/codehaus/plexus/plexus/19/plexus-19.pom
org.codehaus.plexus,plexus,2.0.5,"The Apache Software License, Version 2.0",http://www.apache.org/licenses/LICENSE-2.0.txt,https://repo.maven.apache.org/maven2/org/codehaus/plexus/plexus/2.0.5/plexus-2.0.5.pom
org.codehaus.plexus,plexus,2.0.6,"The Apache Software License, Version 2.0",http://www.apache.org/licenses/LICENSE-2.0.txt,https://repo.maven.apache.org/maven2/org/codehaus/plexus/plexus/2.0.6/plexus-2.0.6.pom
org.codehaus.plexus,plexus,20,Apache-2.0,https://www.apache.org/licenses/LICENSE-2.0.txt,https://repo.maven.apache.org/maven2/org/codehaus/plexus/plexus/20/plexus-20.pom
org.codehaus.plexus,plexus,24,Apache-2.0,https://www.apache.org/licenses/LICENSE-2.0.txt,https://repo.maven.apache.org/maven2/org/codehaus/plexus/plexus/24/plexus-24.pom
org.codehaus.plexus,plexus,25,Apache-2.0,https://www.apache.org/licenses/LICENSE-2.0.txt,https://repo.maven.apache.org/maven2/org/codehaus/plexus/plexus/25/plexus-25.pom
org.codehaus.plexus,plexus,5.1,"Apache License, Version 2.0",http://www.apache.org/licenses/LICENSE-2.0.txt,https://repo.maven.apache.org/maven2/org/codehaus/plexus/plexus/5.1/plexus-5.1.pom
org.codehaus.plexus,plexus-archiver,4.11.0,Apache-2.0,https://www.apache.org/licenses/LICENSE-2.0.txt,https://repo.maven.apache.org/maven2/org/codehaus/plexus/plexus-archiver/4.11.0/plexus-archiver-4.11.0.pom
org.codehaus.plexus,plexus-archiver,4.9.2,"Apache License, Version 2.0",https://www.apache.org/licenses/LICENSE-2.0.txt,https://repo.maven.apache.org/maven2/org/codehaus/plexus/plexus-archiver/4.9.2/plexus-archiver-4.9.2.pom
org.codehaus.plexus,plexus-classworlds,2.2.3,"The Apache Software License, Version 2.0",http://www.apache.org/licenses/LICENSE-2.0.txt,https://repo.maven.apache.org/maven2/org/codehaus/plexus/plexus-classworlds/2.2.3/plexus-classworlds-2.2.3.pom
org.codehaus.plexus,plexus-classworlds,2.9.0,Apache-2.0,https://www.apache.org/licenses/LICENSE-2.0.txt,https://repo.maven.apache.org/maven2/org/codehaus/plexus/plexus-classworlds/2.9.0/plexus-classworlds-2.9.0.pom
org.codehaus.plexus,plexus-compiler,2.15.0,"Apache License, Version 2.0",https://www.apache.org/licenses/LICENSE-2.0.txt,https://repo.maven.apache.org/maven2/org/codehaus/plexus/plexus-compiler/2.15.0/plexus-compiler-2.15.0.pom
org.codehaus.plexus,plexus-compiler-api,2.15.0,"Apache License, Version 2.0",https://www.apache.org/licenses/LICENSE-2.0.txt,https://repo.maven.apache.org/maven2/org/codehaus/plexus/plexus-compiler-api/2.15.0/plexus-compiler-api-2.15.0.pom
org.codehaus.plexus,plexus-compiler-javac,2.15.0,"Apache License, Version 2.0",https://www.apache.org/licenses/LICENSE-2.0.txt,https://repo.maven.apache.org/maven2/org/codehaus/plexus/plexus-compiler-javac/2.15.0/plexus-compiler-javac-2.15.0.pom
org.codehaus.plexus,plexus-compiler-manager,2.15.0,"Apache License, Version 2.0",https://www.apache.org/licenses/LICENSE-2.0.txt,https://repo.maven.apache.org/maven2/org/codehaus/plexus/plexus-compiler-manager/2.15.0/plexus-compiler-manager-2.15.0.pom
org.codehaus.plexus,plexus-compilers,2.15.0,"Apache License, Version 2.0",https://www.apache.org/licenses/LICENSE-2.0.txt,https://repo.maven.apache.org/maven2/org/codehaus/plexus/plexus-compilers/2.15.0/plexus-compilers-2.15.0.pom
org.codehaus.plexus,plexus-component-annotations,1.5.4,"The Apache Software License, Version 2.0",http://www.apache.org/licenses/LICENSE-2.0.txt,https://repo.maven.apache.org/maven2/org/codehaus/plexus/plexus-component-annotations/1.5.4/plexus-component-annotations-1.5.4.pom
org.codehaus.plexus,plexus-component-annotations,2.0.0,"Apache License, Version 2.0",http://www.apache.org/licenses/LICENSE-2.0.txt,https://repo.maven.apache.org/maven2/org/codehaus/plexus/plexus-component-annotations/2.0.0/plexus-component-annotations-2.0.0.pom
org.codehaus.plexus,plexus-component-annotations,2.2.0,"Apache License, Version 2.0",https://www.apache.org/licenses/LICENSE-2.0.txt,https://repo.maven.apache.org/maven2/org/codehaus/plexus/plexus-component-annotations/2.2.0/plexus-component-annotations-2.2.0.pom
org.codehaus.plexus,plexus-components,1.1.12,NON DECLAREE / A VERIFIER,,https://repo.maven.apache.org/maven2/org/codehaus/plexus/plexus-components/1.1.12/plexus-components-1.1.12.pom
org.codehaus.plexus,plexus-containers,1.5.4,"The Apache Software License, Version 2.0",http://www.apache.org/licenses/LICENSE-2.0.txt,https://repo.maven.apache.org/maven2/org/codehaus/plexus/plexus-containers/1.5.4/plexus-containers-1.5.4.pom
org.codehaus.plexus,plexus-containers,2.0.0,"Apache License, Version 2.0",http://www.apache.org/licenses/LICENSE-2.0.txt,https://repo.maven.apache.org/maven2/org/codehaus/plexus/plexus-containers/2.0.0/plexus-containers-2.0.0.pom
org.codehaus.plexus,plexus-containers,2.2.0,"Apache License, Version 2.0",https://www.apache.org/licenses/LICENSE-2.0.txt,https://repo.maven.apache.org/maven2/org/codehaus/plexus/plexus-containers/2.2.0/plexus-containers-2.2.0.pom
org.codehaus.plexus,plexus-i18n,1.0-beta-10,NON DECLAREE / A VERIFIER,,https://repo.maven.apache.org/maven2/org/codehaus/plexus/plexus-i18n/1.0-beta-10/plexus-i18n-1.0-beta-10.pom
org.codehaus.plexus,plexus-i18n,1.1.0,Apache-2.0,https://www.apache.org/licenses/LICENSE-2.0.txt,https://repo.maven.apache.org/maven2/org/codehaus/plexus/plexus-i18n/1.1.0/plexus-i18n-1.1.0.pom
org.codehaus.plexus,plexus-interpolation,1.26,"Apache License, Version 2.0",http://www.apache.org/licenses/LICENSE-2.0.txt,https://repo.maven.apache.org/maven2/org/codehaus/plexus/plexus-interpolation/1.26/plexus-interpolation-1.26.pom
org.codehaus.plexus,plexus-interpolation,1.27,"Apache License, Version 2.0",https://www.apache.org/licenses/LICENSE-2.0.txt,https://repo.maven.apache.org/maven2/org/codehaus/plexus/plexus-interpolation/1.27/plexus-interpolation-1.27.pom
org.codehaus.plexus,plexus-io,3.4.2,"Apache License, Version 2.0",https://www.apache.org/licenses/LICENSE-2.0.txt,https://repo.maven.apache.org/maven2/org/codehaus/plexus/plexus-io/3.4.2/plexus-io-3.4.2.pom
org.codehaus.plexus,plexus-io,3.6.0,Apache-2.0,https://www.apache.org/licenses/LICENSE-2.0.txt,https://repo.maven.apache.org/maven2/org/codehaus/plexus/plexus-io/3.6.0/plexus-io-3.6.0.pom
org.codehaus.plexus,plexus-java,1.4.0,Apache-2.0,https://www.apache.org/licenses/LICENSE-2.0.txt,https://repo.maven.apache.org/maven2/org/codehaus/plexus/plexus-java/1.4.0/plexus-java-1.4.0.pom
org.codehaus.plexus,plexus-java,1.5.0,Apache-2.0,https://www.apache.org/licenses/LICENSE-2.0.txt,https://repo.maven.apache.org/maven2/org/codehaus/plexus/plexus-java/1.5.0/plexus-java-1.5.0.pom
org.codehaus.plexus,plexus-java,1.5.2,Apache-2.0,https://www.apache.org/licenses/LICENSE-2.0.txt,https://repo.maven.apache.org/maven2/org/codehaus/plexus/plexus-java/1.5.2/plexus-java-1.5.2.pom
org.codehaus.plexus,plexus-languages,1.4.0,Apache-2.0,https://www.apache.org/licenses/LICENSE-2.0.txt,https://repo.maven.apache.org/maven2/org/codehaus/plexus/plexus-languages/1.4.0/plexus-languages-1.4.0.pom
org.codehaus.plexus,plexus-languages,1.5.0,Apache-2.0,https://www.apache.org/licenses/LICENSE-2.0.txt,https://repo.maven.apache.org/maven2/org/codehaus/plexus/plexus-languages/1.5.0/plexus-languages-1.5.0.pom
org.codehaus.plexus,plexus-languages,1.5.2,Apache-2.0,https://www.apache.org/licenses/LICENSE-2.0.txt,https://repo.maven.apache.org/maven2/org/codehaus/plexus/plexus-languages/1.5.2/plexus-languages-1.5.2.pom
org.codehaus.plexus,plexus-utils,3.5.0,"Apache License, Version 2.0",http://www.apache.org/licenses/LICENSE-2.0.txt,https://repo.maven.apache.org/maven2/org/codehaus/plexus/plexus-utils/3.5.0/plexus-utils-3.5.0.pom
org.codehaus.plexus,plexus-utils,3.5.1,"Apache License, Version 2.0",http://www.apache.org/licenses/LICENSE-2.0.txt,https://repo.maven.apache.org/maven2/org/codehaus/plexus/plexus-utils/3.5.1/plexus-utils-3.5.1.pom
org.codehaus.plexus,plexus-utils,4.0.1,"Apache License, Version 2.0",https://www.apache.org/licenses/LICENSE-2.0.txt,https://repo.maven.apache.org/maven2/org/codehaus/plexus/plexus-utils/4.0.1/plexus-utils-4.0.1.pom
org.codehaus.plexus,plexus-utils,4.0.2,"Apache License, Version 2.0",https://www.apache.org/licenses/LICENSE-2.0.txt,https://repo.maven.apache.org/maven2/org/codehaus/plexus/plexus-utils/4.0.2/plexus-utils-4.0.2.pom
org.codehaus.plexus,plexus-utils,4.0.3,Apache-2.0,https://www.apache.org/licenses/LICENSE-2.0.txt,https://repo.maven.apache.org/maven2/org/codehaus/plexus/plexus-utils/4.0.3/plexus-utils-4.0.3.pom
org.codehaus.plexus,plexus-velocity,2.2.0,"Apache License, Version 2.0",https://www.apache.org/licenses/LICENSE-2.0.txt,https://repo.maven.apache.org/maven2/org/codehaus/plexus/plexus-velocity/2.2.0/plexus-velocity-2.2.0.pom
org.codehaus.plexus,plexus-xml,3.0.1,"Apache License, Version 2.0",https://www.apache.org/licenses/LICENSE-2.0.txt,https://repo.maven.apache.org/maven2/org/codehaus/plexus/plexus-xml/3.0.1/plexus-xml-3.0.1.pom
org.codehaus.plexus,plexus-xml,4.1.1,Apache-2.0,https://www.apache.org/licenses/LICENSE-2.0.txt,https://repo.maven.apache.org/maven2/org/codehaus/plexus/plexus-xml/4.1.1/plexus-xml-4.1.1.pom
org.codehaus.woodstox,stax2-api,4.2.2,The BSD 2-Clause License,http://www.opensource.org/licenses/bsd-license.php,https://repo.maven.apache.org/maven2/org/codehaus/woodstox/stax2-api/4.2.2/stax2-api-4.2.2.pom
org.eclipse.angus,angus-activation,2.0.2,EDL 1.0,http://www.eclipse.org/org/documents/edl-v10.php,https://repo.maven.apache.org/maven2/org/eclipse/angus/angus-activation/2.0.2/angus-activation-2.0.2.pom
org.eclipse.angus,angus-activation,2.0.3,EDL 1.0,http://www.eclipse.org/org/documents/edl-v10.php,https://repo.maven.apache.org/maven2/org/eclipse/angus/angus-activation/2.0.3/angus-activation-2.0.3.pom
org.eclipse.angus,angus-activation-project,2.0.2,EDL 1.0,http://www.eclipse.org/org/documents/edl-v10.php,https://repo.maven.apache.org/maven2/org/eclipse/angus/angus-activation-project/2.0.2/angus-activation-project-2.0.2.pom
org.eclipse.angus,angus-activation-project,2.0.3,EDL 1.0,http://www.eclipse.org/org/documents/edl-v10.php,https://repo.maven.apache.org/maven2/org/eclipse/angus/angus-activation-project/2.0.3/angus-activation-project-2.0.3.pom
org.eclipse.ee4j,project,1.0.6,"Eclipse Public License v. 2.0 | GNU General Public License, version 2 with the GNU Classpath Exception",https://www.eclipse.org/org/documents/epl-2.0/EPL-2.0.txt | https://www.gnu.org/software/classpath/license.html,https://repo.maven.apache.org/maven2/org/eclipse/ee4j/project/1.0.6/project-1.0.6.pom
org.eclipse.ee4j,project,1.0.7,"Eclipse Public License v. 2.0 | GNU General Public License, version 2 with the GNU Classpath Exception",https://www.eclipse.org/org/documents/epl-2.0/EPL-2.0.txt | https://www.gnu.org/software/classpath/license.html,https://repo.maven.apache.org/maven2/org/eclipse/ee4j/project/1.0.7/project-1.0.7.pom
org.eclipse.ee4j,project,1.0.9,"Eclipse Public License v. 2.0 | GNU General Public License, version 2 with the GNU Classpath Exception",https://www.eclipse.org/org/documents/epl-2.0/EPL-2.0.txt | https://www.gnu.org/software/classpath/license.html,https://repo.maven.apache.org/maven2/org/eclipse/ee4j/project/1.0.9/project-1.0.9.pom
org.eclipse.ee4j,project,2.0.4,"Eclipse Public License v. 2.0 | GNU General Public License, version 2 with the GNU Classpath Exception",https://www.eclipse.org/org/documents/epl-2.0/EPL-2.0.txt | https://www.gnu.org/software/classpath/license.html,https://repo.maven.apache.org/maven2/org/eclipse/ee4j/project/2.0.4/project-2.0.4.pom
org.eclipse.jetty.ee10,jetty-ee10-bom,12.0.21,Eclipse Public License - Version 2.0 | Apache Software License - Version 2.0,https://www.eclipse.org/legal/epl-2.0/ | https://www.apache.org/licenses/LICENSE-2.0,https://repo.maven.apache.org/maven2/org/eclipse/jetty/ee10/jetty-ee10-bom/12.0.21/jetty-ee10-bom-12.0.21.pom
org.eclipse.jetty.ee10,jetty-ee10-bom,12.0.36,EPL-2.0 | Apache-2.0,https://www.eclipse.org/legal/epl-2.0/ | https://www.apache.org/licenses/LICENSE-2.0.txt,https://repo.maven.apache.org/maven2/org/eclipse/jetty/ee10/jetty-ee10-bom/12.0.36/jetty-ee10-bom-12.0.36.pom
org.eclipse.jetty.ee11,jetty-ee11-bom,12.1.12,EPL-2.0 | Apache-2.0,https://www.eclipse.org/legal/epl-2.0/ | https://www.apache.org/licenses/LICENSE-2.0.txt,https://repo.maven.apache.org/maven2/org/eclipse/jetty/ee11/jetty-ee11-bom/12.1.12/jetty-ee11-bom-12.1.12.pom
org.eclipse.jetty,jetty-bom,12.0.21,Eclipse Public License - Version 2.0 | Apache Software License - Version 2.0,https://www.eclipse.org/legal/epl-2.0/ | https://www.apache.org/licenses/LICENSE-2.0,https://repo.maven.apache.org/maven2/org/eclipse/jetty/jetty-bom/12.0.21/jetty-bom-12.0.21.pom
org.eclipse.jetty,jetty-bom,12.0.36,EPL-2.0 | Apache-2.0,https://www.eclipse.org/legal/epl-2.0/ | https://www.apache.org/licenses/LICENSE-2.0.txt,https://repo.maven.apache.org/maven2/org/eclipse/jetty/jetty-bom/12.0.36/jetty-bom-12.0.36.pom
org.eclipse.jetty,jetty-bom,12.1.12,EPL-2.0 | Apache-2.0,https://www.eclipse.org/legal/epl-2.0/ | https://www.apache.org/licenses/LICENSE-2.0.txt,https://repo.maven.apache.org/maven2/org/eclipse/jetty/jetty-bom/12.1.12/jetty-bom-12.1.12.pom
org.eclipse.sisu,org.eclipse.sisu.inject,1.0.0,"Eclipse Public License, Version 2.0",https://www.eclipse.org/legal/epl-v20.html,https://repo.maven.apache.org/maven2/org/eclipse/sisu/org.eclipse.sisu.inject/1.0.0/org.eclipse.sisu.inject-1.0.0.pom
org.eclipse.sisu,org.eclipse.sisu.plexus,1.0.0,"Eclipse Public License, Version 2.0",https://www.eclipse.org/legal/epl-v20.html,https://repo.maven.apache.org/maven2/org/eclipse/sisu/org.eclipse.sisu.plexus/1.0.0/org.eclipse.sisu.plexus-1.0.0.pom
org.eclipse.sisu,sisu-inject,1.0.0,"Eclipse Public License, Version 2.0",https://www.eclipse.org/legal/epl-v20.html,https://repo.maven.apache.org/maven2/org/eclipse/sisu/sisu-inject/1.0.0/sisu-inject-1.0.0.pom
org.functionaljava,functionaljava,5.0,The BSD3 License,https://github.com/functionaljava/functionaljava/blob/master/etc/LICENCE,https://repo.maven.apache.org/maven2/org/functionaljava/functionaljava/5.0/functionaljava-5.0.pom
org.glassfish.jaxb,jaxb-bom,4.0.5,"Eclipse Public License v. 2.0 | GNU General Public License, version 2 with the GNU Classpath Exception",https://www.eclipse.org/org/documents/epl-2.0/EPL-2.0.txt | https://www.gnu.org/software/classpath/license.html,https://repo.maven.apache.org/maven2/org/glassfish/jaxb/jaxb-bom/4.0.5/jaxb-bom-4.0.5.pom
org.glassfish.jaxb,jaxb-bom,4.0.9,"Eclipse Public License v. 2.0 | GNU General Public License, version 2 with the GNU Classpath Exception",https://www.eclipse.org/org/documents/epl-2.0/EPL-2.0.txt | https://www.gnu.org/software/classpath/license.html,https://repo.maven.apache.org/maven2/org/glassfish/jaxb/jaxb-bom/4.0.9/jaxb-bom-4.0.9.pom
org.glassfish.jaxb,jaxb-bom-ext,4.0.9,"Eclipse Public License v. 2.0 | GNU General Public License, version 2 with the GNU Classpath Exception",https://www.eclipse.org/org/documents/epl-2.0/EPL-2.0.txt | https://www.gnu.org/software/classpath/license.html,https://repo.maven.apache.org/maven2/org/glassfish/jaxb/jaxb-bom-ext/4.0.9/jaxb-bom-ext-4.0.9.pom
org.glassfish.jaxb,jaxb-core,4.0.5,Eclipse Distribution License - v 1.0,http://www.eclipse.org/org/documents/edl-v10.php,https://repo.maven.apache.org/maven2/org/glassfish/jaxb/jaxb-core/4.0.5/jaxb-core-4.0.5.pom
org.glassfish.jaxb,jaxb-core,4.0.9,Eclipse Distribution License - v 1.0,http://www.eclipse.org/org/documents/edl-v10.php,https://repo.maven.apache.org/maven2/org/glassfish/jaxb/jaxb-core/4.0.9/jaxb-core-4.0.9.pom
org.glassfish.jaxb,jaxb-parent,4.0.9,Eclipse Distribution License - v 1.0,http://www.eclipse.org/org/documents/edl-v10.php,https://repo.maven.apache.org/maven2/org/glassfish/jaxb/jaxb-parent/4.0.9/jaxb-parent-4.0.9.pom
org.glassfish.jaxb,jaxb-runtime,4.0.5,Eclipse Distribution License - v 1.0,http://www.eclipse.org/org/documents/edl-v10.php,https://repo.maven.apache.org/maven2/org/glassfish/jaxb/jaxb-runtime/4.0.5/jaxb-runtime-4.0.5.pom
org.glassfish.jaxb,jaxb-runtime,4.0.9,Eclipse Distribution License - v 1.0,http://www.eclipse.org/org/documents/edl-v10.php,https://repo.maven.apache.org/maven2/org/glassfish/jaxb/jaxb-runtime/4.0.9/jaxb-runtime-4.0.9.pom
org.glassfish.jaxb,jaxb-runtime-parent,4.0.9,Eclipse Distribution License - v 1.0,http://www.eclipse.org/org/documents/edl-v10.php,https://repo.maven.apache.org/maven2/org/glassfish/jaxb/jaxb-runtime-parent/4.0.9/jaxb-runtime-parent-4.0.9.pom
org.glassfish.jaxb,jaxb-txw-parent,4.0.9,Eclipse Distribution License - v 1.0,http://www.eclipse.org/org/documents/edl-v10.php,https://repo.maven.apache.org/maven2/org/glassfish/jaxb/jaxb-txw-parent/4.0.9/jaxb-txw-parent-4.0.9.pom
org.glassfish.jaxb,txw2,4.0.5,Eclipse Distribution License - v 1.0,http://www.eclipse.org/org/documents/edl-v10.php,https://repo.maven.apache.org/maven2/org/glassfish/jaxb/txw2/4.0.5/txw2-4.0.5.pom
org.glassfish.jaxb,txw2,4.0.9,Eclipse Distribution License - v 1.0,http://www.eclipse.org/org/documents/edl-v10.php,https://repo.maven.apache.org/maven2/org/glassfish/jaxb/txw2/4.0.9/txw2-4.0.9.pom
org.glassfish.jersey,jersey-bom,3.1.10,"Eclipse Public License v. 2.0 | GNU General Public License, version 2 with the GNU Classpath Exception",https://www.eclipse.org/org/documents/epl-2.0/EPL-2.0.txt | https://www.gnu.org/software/classpath/license.html,https://repo.maven.apache.org/maven2/org/glassfish/jersey/jersey-bom/3.1.10/jersey-bom-3.1.10.pom
org.glassfish.jersey,jersey-bom,3.1.11,"Eclipse Public License v. 2.0 | GNU General Public License, version 2 with the GNU Classpath Exception",https://www.eclipse.org/org/documents/epl-2.0/EPL-2.0.txt | https://www.gnu.org/software/classpath/license.html,https://repo.maven.apache.org/maven2/org/glassfish/jersey/jersey-bom/3.1.11/jersey-bom-3.1.11.pom
org.glassfish.jersey,jersey-bom,4.0.2,"Eclipse Public License v. 2.0 | GNU General Public License, version 2 with the GNU Classpath Exception",https://www.eclipse.org/org/documents/epl-2.0/EPL-2.0.txt | https://www.gnu.org/software/classpath/license.html,https://repo.maven.apache.org/maven2/org/glassfish/jersey/jersey-bom/4.0.2/jersey-bom-4.0.2.pom
org.hdrhistogram,HdrHistogram,2.1.12,"Public Domain, per Creative Commons CC0 | BSD-2-Clause",http://creativecommons.org/publicdomain/zero/1.0/ | https://opensource.org/licenses/BSD-2-Clause,https://repo.maven.apache.org/maven2/org/hdrhistogram/HdrHistogram/2.1.12/HdrHistogram-2.1.12.pom
org.hdrhistogram,HdrHistogram,2.2.2,"Public Domain, per Creative Commons CC0 | BSD-2-Clause",http://creativecommons.org/publicdomain/zero/1.0/ | https://opensource.org/licenses/BSD-2-Clause,https://repo.maven.apache.org/maven2/org/hdrhistogram/HdrHistogram/2.2.2/HdrHistogram-2.2.2.pom
org.hibernate.common,hibernate-commons-annotations,7.0.3.Final,Apache License Version 2.0,https://opensource.org/licenses/Apache-2.0,https://repo.maven.apache.org/maven2/org/hibernate/common/hibernate-commons-annotations/7.0.3.Final/hibernate-commons-annotations-7.0.3.Final.pom
org.hibernate.models,hibernate-models,1.0.1,Apache License Version 2.0,http://www.apache.org/licenses/,https://repo.maven.apache.org/maven2/org/hibernate/models/hibernate-models/1.0.1/hibernate-models-1.0.1.pom
org.hibernate.orm,hibernate-core,6.6.15.Final,GNU Library General Public License v2.1 or later,https://www.opensource.org/licenses/LGPL-2.1,https://repo.maven.apache.org/maven2/org/hibernate/orm/hibernate-core/6.6.15.Final/hibernate-core-6.6.15.Final.pom
org.hibernate.orm,hibernate-core,6.6.53.Final,GNU Library General Public License v2.1 or later,https://www.opensource.org/licenses/LGPL-2.1,https://repo.maven.apache.org/maven2/org/hibernate/orm/hibernate-core/6.6.53.Final/hibernate-core-6.6.53.Final.pom
org.hibernate.orm,hibernate-core,7.2.24.Final,"Apache License, Version 2.0",https://www.apache.org/licenses/LICENSE-2.0.txt,https://repo.maven.apache.org/maven2/org/hibernate/orm/hibernate-core/7.2.24.Final/hibernate-core-7.2.24.Final.pom
org.infinispan,infinispan-bom,15.2.1.Final,Apache License 2.0,http://www.apache.org/licenses/LICENSE-2.0,https://repo.maven.apache.org/maven2/org/infinispan/infinispan-bom/15.2.1.Final/infinispan-bom-15.2.1.Final.pom
org.infinispan,infinispan-bom,15.2.6.Final,Apache License 2.0,http://www.apache.org/licenses/LICENSE-2.0,https://repo.maven.apache.org/maven2/org/infinispan/infinispan-bom/15.2.6.Final/infinispan-bom-15.2.6.Final.pom
org.infinispan,infinispan-build-configuration-parent,15.2.1.Final,Apache License 2.0,http://www.apache.org/licenses/LICENSE-2.0,https://repo.maven.apache.org/maven2/org/infinispan/infinispan-build-configuration-parent/15.2.1.Final/infinispan-build-configuration-parent-15.2.1.Final.pom
org.infinispan,infinispan-build-configuration-parent,15.2.6.Final,Apache License 2.0,http://www.apache.org/licenses/LICENSE-2.0,https://repo.maven.apache.org/maven2/org/infinispan/infinispan-build-configuration-parent/15.2.6.Final/infinispan-build-configuration-parent-15.2.6.Final.pom
org.iq80.snappy,snappy,0.4,Apache License 2.0,http://www.apache.org/licenses/LICENSE-2.0.html,https://repo.maven.apache.org/maven2/org/iq80/snappy/snappy/0.4/snappy-0.4.pom
org.jboss,jandex,2.4.2.Final,"Apache License, Version 2.0",http://www.apache.org/licenses/LICENSE-2.0.txt,https://repo.maven.apache.org/maven2/org/jboss/jandex/2.4.2.Final/jandex-2.4.2.Final.pom
org.jboss,jboss-parent,12,Public Domain,http://repository.jboss.org/licenses/cc0-1.0.txt,https://repo.maven.apache.org/maven2/org/jboss/jboss-parent/12/jboss-parent-12.pom
org.jboss,jboss-parent,39,Public Domain,http://repository.jboss.org/licenses/cc0-1.0.txt,https://repo.maven.apache.org/maven2/org/jboss/jboss-parent/39/jboss-parent-39.pom
org.jboss,jboss-parent,42,Apache License 2.0,https://www.apache.org/licenses/LICENSE-2.0,https://repo.maven.apache.org/maven2/org/jboss/jboss-parent/42/jboss-parent-42.pom
org.jboss,jboss-parent,52,Apache License 2.0,https://www.apache.org/licenses/LICENSE-2.0,https://repo.maven.apache.org/maven2/org/jboss/jboss-parent/52/jboss-parent-52.pom
org.jboss.logging,jboss-logging,3.6.1.Final,Apache License 2.0,https://repository.jboss.org/licenses/apache-2.0.txt,https://repo.maven.apache.org/maven2/org/jboss/logging/jboss-logging/3.6.1.Final/jboss-logging-3.6.1.Final.pom
org.jboss.logging,jboss-logging,3.6.3.Final,Apache License 2.0,https://repository.jboss.org/licenses/apache-2.0.txt,https://repo.maven.apache.org/maven2/org/jboss/logging/jboss-logging/3.6.3.Final/jboss-logging-3.6.3.Final.pom
org.jboss.logging,logging-parent,1.0.3.Final,Apache License 2.0,https://repository.jboss.org/licenses/apache-2.0.txt,https://repo.maven.apache.org/maven2/org/jboss/logging/logging-parent/1.0.3.Final/logging-parent-1.0.3.Final.pom
org.jetbrains,annotations,13.0,"The Apache Software License, Version 2.0",http://www.apache.org/licenses/LICENSE-2.0.txt,https://repo.maven.apache.org/maven2/org/jetbrains/annotations/13.0/annotations-13.0.pom
org.jetbrains,annotations,24.0.0,"The Apache Software License, Version 2.0",https://www.apache.org/licenses/LICENSE-2.0.txt,https://repo.maven.apache.org/maven2/org/jetbrains/annotations/24.0.0/annotations-24.0.0.pom
org.jetbrains,annotations,26.1.0,"The Apache Software License, Version 2.0",https://www.apache.org/licenses/LICENSE-2.0.txt,https://repo.maven.apache.org/maven2/org/jetbrains/annotations/26.1.0/annotations-26.1.0.pom
org.jetbrains.kotlin,kotlin-bom,1.9.25,"The Apache Software License, Version 2.0",http://www.apache.org/licenses/LICENSE-2.0.txt,https://repo.maven.apache.org/maven2/org/jetbrains/kotlin/kotlin-bom/1.9.25/kotlin-bom-1.9.25.pom
org.jetbrains.kotlin,kotlin-bom,2.2.21,"The Apache Software License, Version 2.0",http://www.apache.org/licenses/LICENSE-2.0.txt,https://repo.maven.apache.org/maven2/org/jetbrains/kotlin/kotlin-bom/2.2.21/kotlin-bom-2.2.21.pom
org.jetbrains.kotlin,kotlin-compiler-embeddable,2.3.20,Apache-2.0,http://www.apache.org/licenses/LICENSE-2.0.txt,https://repo.maven.apache.org/maven2/org/jetbrains/kotlin/kotlin-compiler-embeddable/2.3.20/kotlin-compiler-embeddable-2.3.20.pom
org.jetbrains.kotlin,kotlin-daemon-embeddable,2.3.20,Apache-2.0,http://www.apache.org/licenses/LICENSE-2.0.txt,https://repo.maven.apache.org/maven2/org/jetbrains/kotlin/kotlin-daemon-embeddable/2.3.20/kotlin-daemon-embeddable-2.3.20.pom
org.jetbrains.kotlin,kotlin-reflect,1.6.10,"The Apache License, Version 2.0",http://www.apache.org/licenses/LICENSE-2.0.txt,https://repo.maven.apache.org/maven2/org/jetbrains/kotlin/kotlin-reflect/1.6.10/kotlin-reflect-1.6.10.pom
org.jetbrains.kotlin,kotlin-reflect,2.3.20,Apache-2.0,http://www.apache.org/licenses/LICENSE-2.0.txt,https://repo.maven.apache.org/maven2/org/jetbrains/kotlin/kotlin-reflect/2.3.20/kotlin-reflect-2.3.20.pom
org.jetbrains.kotlin,kotlin-script-runtime,2.3.20,Apache-2.0,http://www.apache.org/licenses/LICENSE-2.0.txt,https://repo.maven.apache.org/maven2/org/jetbrains/kotlin/kotlin-script-runtime/2.3.20/kotlin-script-runtime-2.3.20.pom
org.jetbrains.kotlin,kotlin-stdlib,2.3.20,Apache-2.0,http://www.apache.org/licenses/LICENSE-2.0.txt,https://repo.maven.apache.org/maven2/org/jetbrains/kotlin/kotlin-stdlib/2.3.20/kotlin-stdlib-2.3.20.pom
org.jetbrains.kotlinx,kotlinx-coroutines-bom,1.10.2,Apache-2.0,https://www.apache.org/licenses/LICENSE-2.0.txt,https://repo.maven.apache.org/maven2/org/jetbrains/kotlinx/kotlinx-coroutines-bom/1.10.2/kotlinx-coroutines-bom-1.10.2.pom
org.jetbrains.kotlinx,kotlinx-coroutines-bom,1.8.0,"The Apache Software License, Version 2.0",https://www.apache.org/licenses/LICENSE-2.0.txt,https://repo.maven.apache.org/maven2/org/jetbrains/kotlinx/kotlinx-coroutines-bom/1.8.0/kotlinx-coroutines-bom-1.8.0.pom
org.jetbrains.kotlinx,kotlinx-coroutines-bom,1.8.1,"The Apache Software License, Version 2.0",https://www.apache.org/licenses/LICENSE-2.0.txt,https://repo.maven.apache.org/maven2/org/jetbrains/kotlinx/kotlinx-coroutines-bom/1.8.1/kotlinx-coroutines-bom-1.8.1.pom
org.jetbrains.kotlinx,kotlinx-coroutines-bom,1.9.0,"The Apache Software License, Version 2.0",https://www.apache.org/licenses/LICENSE-2.0.txt,https://repo.maven.apache.org/maven2/org/jetbrains/kotlinx/kotlinx-coroutines-bom/1.9.0/kotlinx-coroutines-bom-1.9.0.pom
org.jetbrains.kotlinx,kotlinx-coroutines-core-jvm,1.8.0,"The Apache Software License, Version 2.0",https://www.apache.org/licenses/LICENSE-2.0.txt,https://repo.maven.apache.org/maven2/org/jetbrains/kotlinx/kotlinx-coroutines-core-jvm/1.8.0/kotlinx-coroutines-core-jvm-1.8.0.pom
org.jetbrains.kotlinx,kotlinx-serialization-bom,1.6.3,"The Apache Software License, Version 2.0",https://www.apache.org/licenses/LICENSE-2.0.txt,https://repo.maven.apache.org/maven2/org/jetbrains/kotlinx/kotlinx-serialization-bom/1.6.3/kotlinx-serialization-bom-1.6.3.pom
org.jetbrains.kotlinx,kotlinx-serialization-bom,1.9.0,Apache-2.0,https://www.apache.org/licenses/LICENSE-2.0.txt,https://repo.maven.apache.org/maven2/org/jetbrains/kotlinx/kotlinx-serialization-bom/1.9.0/kotlinx-serialization-bom-1.9.0.pom
org.jmolecules,jmolecules-bom,2025.0.2,"Apache License, Version 2.0",https://www.apache.org/licenses/LICENSE-2.0,https://repo.maven.apache.org/maven2/org/jmolecules/jmolecules-bom/2025.0.2/jmolecules-bom-2025.0.2.pom
org.jooq,jooq-bom,3.19.37,"Apache License, Version 2.0",https://www.jooq.org/inc/LICENSE.txt,https://repo.maven.apache.org/maven2/org/jooq/jooq-bom/3.19.37/jooq-bom-3.19.37.pom
org.jooq,jooq-bom,3.21.4,"Apache License, Version 2.0",https://www.jooq.org/inc/LICENSE.txt,https://repo.maven.apache.org/maven2/org/jooq/jooq-bom/3.21.4/jooq-bom-3.21.4.pom
org.jspecify,jspecify,1.0.0,"The Apache License, Version 2.0",http://www.apache.org/licenses/LICENSE-2.0.txt,https://repo.maven.apache.org/maven2/org/jspecify/jspecify/1.0.0/jspecify-1.0.0.pom
org.jspecify,jspecify,1.0.1,"The Apache License, Version 2.0",http://www.apache.org/licenses/LICENSE-2.0.txt,https://repo.maven.apache.org/maven2/org/jspecify/jspecify/1.0.1/jspecify-1.0.1.pom
org.junit,junit-bom,5.10.0,Eclipse Public License v2.0,https://www.eclipse.org/legal/epl-v20.html,https://repo.maven.apache.org/maven2/org/junit/junit-bom/5.10.0/junit-bom-5.10.0.pom
org.junit,junit-bom,5.10.1,Eclipse Public License v2.0,https://www.eclipse.org/legal/epl-v20.html,https://repo.maven.apache.org/maven2/org/junit/junit-bom/5.10.1/junit-bom-5.10.1.pom
org.junit,junit-bom,5.10.2,Eclipse Public License v2.0,https://www.eclipse.org/legal/epl-v20.html,https://repo.maven.apache.org/maven2/org/junit/junit-bom/5.10.2/junit-bom-5.10.2.pom
org.junit,junit-bom,5.10.3,Eclipse Public License v2.0,https://www.eclipse.org/legal/epl-v20.html,https://repo.maven.apache.org/maven2/org/junit/junit-bom/5.10.3/junit-bom-5.10.3.pom
org.junit,junit-bom,5.11.0,Eclipse Public License v2.0,https://www.eclipse.org/legal/epl-v20.html,https://repo.maven.apache.org/maven2/org/junit/junit-bom/5.11.0/junit-bom-5.11.0.pom
org.junit,junit-bom,5.11.1,Eclipse Public License v2.0,https://www.eclipse.org/legal/epl-v20.html,https://repo.maven.apache.org/maven2/org/junit/junit-bom/5.11.1/junit-bom-5.11.1.pom
org.junit,junit-bom,5.11.2,Eclipse Public License v2.0,https://www.eclipse.org/legal/epl-v20.html,https://repo.maven.apache.org/maven2/org/junit/junit-bom/5.11.2/junit-bom-5.11.2.pom
org.junit,junit-bom,5.11.4,Eclipse Public License v2.0,https://www.eclipse.org/legal/epl-v20.html,https://repo.maven.apache.org/maven2/org/junit/junit-bom/5.11.4/junit-bom-5.11.4.pom
org.junit,junit-bom,5.12.1,Eclipse Public License v2.0,https://www.eclipse.org/legal/epl-v20.html,https://repo.maven.apache.org/maven2/org/junit/junit-bom/5.12.1/junit-bom-5.12.1.pom
org.junit,junit-bom,5.12.2,Eclipse Public License v2.0,https://www.eclipse.org/legal/epl-v20.html,https://repo.maven.apache.org/maven2/org/junit/junit-bom/5.12.2/junit-bom-5.12.2.pom
org.junit,junit-bom,5.13.1,Eclipse Public License v2.0,https://www.eclipse.org/legal/epl-v20.html,https://repo.maven.apache.org/maven2/org/junit/junit-bom/5.13.1/junit-bom-5.13.1.pom
org.junit,junit-bom,5.13.2,Eclipse Public License v2.0,https://www.eclipse.org/legal/epl-v20.html,https://repo.maven.apache.org/maven2/org/junit/junit-bom/5.13.2/junit-bom-5.13.2.pom
org.junit,junit-bom,5.13.4,Eclipse Public License v2.0,https://www.eclipse.org/legal/epl-v20.html,https://repo.maven.apache.org/maven2/org/junit/junit-bom/5.13.4/junit-bom-5.13.4.pom
org.junit,junit-bom,5.14.1,Eclipse Public License v2.0,https://www.eclipse.org/legal/epl-v20.html,https://repo.maven.apache.org/maven2/org/junit/junit-bom/5.14.1/junit-bom-5.14.1.pom
org.junit,junit-bom,5.14.2,Eclipse Public License v2.0,https://www.eclipse.org/legal/epl-v20.html,https://repo.maven.apache.org/maven2/org/junit/junit-bom/5.14.2/junit-bom-5.14.2.pom
org.junit,junit-bom,5.14.4,Eclipse Public License v2.0,https://www.eclipse.org/legal/epl-v20.html,https://repo.maven.apache.org/maven2/org/junit/junit-bom/5.14.4/junit-bom-5.14.4.pom
org.junit,junit-bom,5.7.1,Eclipse Public License v2.0,https://www.eclipse.org/legal/epl-v20.html,https://repo.maven.apache.org/maven2/org/junit/junit-bom/5.7.1/junit-bom-5.7.1.pom
org.junit,junit-bom,5.7.2,Eclipse Public License v2.0,https://www.eclipse.org/legal/epl-v20.html,https://repo.maven.apache.org/maven2/org/junit/junit-bom/5.7.2/junit-bom-5.7.2.pom
org.junit,junit-bom,6.0.3,Eclipse Public License v2.0,https://www.eclipse.org/legal/epl-v20.html,https://repo.maven.apache.org/maven2/org/junit/junit-bom/6.0.3/junit-bom-6.0.3.pom
org.junit,junit-bom,6.1.0,Eclipse Public License v2.0,https://www.eclipse.org/legal/epl-v20.html,https://repo.maven.apache.org/maven2/org/junit/junit-bom/6.1.0/junit-bom-6.1.0.pom
org.junit,junit-bom,6.1.2,Eclipse Public License v2.0,https://www.eclipse.org/legal/epl-v20.html,https://repo.maven.apache.org/maven2/org/junit/junit-bom/6.1.2/junit-bom-6.1.2.pom
org.kohsuke,pom,22,MIT license,http://www.opensource.org/licenses/mit-license.php,https://repo.maven.apache.org/maven2/org/kohsuke/pom/22/pom-22.pom
org.kohsuke,wordnet-random-name,1.9,MIT license,http://www.opensource.org/licenses/mit-license.php,https://repo.maven.apache.org/maven2/org/kohsuke/wordnet-random-name/1.9/wordnet-random-name-1.9.pom
org.latencyutils,LatencyUtils,2.0.3,"Public Domain, per Creative Commons CC0",http://creativecommons.org/publicdomain/zero/1.0/,https://repo.maven.apache.org/maven2/org/latencyutils/LatencyUtils/2.0.3/LatencyUtils-2.0.3.pom
org.mockito,mockito-bom,4.11.0,The MIT License,https://github.com/mockito/mockito/blob/main/LICENSE,https://repo.maven.apache.org/maven2/org/mockito/mockito-bom/4.11.0/mockito-bom-4.11.0.pom
org.mockito,mockito-bom,5.17.0,MIT,https://opensource.org/licenses/MIT,https://repo.maven.apache.org/maven2/org/mockito/mockito-bom/5.17.0/mockito-bom-5.17.0.pom
org.mockito,mockito-bom,5.20.0,MIT,https://opensource.org/licenses/MIT,https://repo.maven.apache.org/maven2/org/mockito/mockito-bom/5.20.0/mockito-bom-5.20.0.pom
org.mockito,mockito-bom,5.23.0,MIT,https://opensource.org/licenses/MIT,https://repo.maven.apache.org/maven2/org/mockito/mockito-bom/5.23.0/mockito-bom-5.23.0.pom
org.mongodb,mongodb-driver-bom,5.4.0,"The Apache License, Version 2.0",http://www.apache.org/licenses/LICENSE-2.0.txt,https://repo.maven.apache.org/maven2/org/mongodb/mongodb-driver-bom/5.4.0/mongodb-driver-bom-5.4.0.pom
org.mongodb,mongodb-driver-bom,5.5.2,"The Apache License, Version 2.0",https://www.apache.org/licenses/LICENSE-2.0.txt,https://repo.maven.apache.org/maven2/org/mongodb/mongodb-driver-bom/5.5.2/mongodb-driver-bom-5.5.2.pom
org.mongodb,mongodb-driver-bom,5.6.5,"The Apache License, Version 2.0",https://www.apache.org/licenses/LICENSE-2.0.txt,https://repo.maven.apache.org/maven2/org/mongodb/mongodb-driver-bom/5.6.5/mongodb-driver-bom-5.6.5.pom
org.mongodb,mongodb-driver-bom,5.8.0,"The Apache License, Version 2.0",https://www.apache.org/licenses/LICENSE-2.0.txt,https://repo.maven.apache.org/maven2/org/mongodb/mongodb-driver-bom/5.8.0/mongodb-driver-bom-5.8.0.pom
org.neo4j.bolt,neo4j-bolt-connection-bom,11.0.2,"Apache License, Version 2",http://www.apache.org/licenses/LICENSE-2.0,https://repo.maven.apache.org/maven2/org/neo4j/bolt/neo4j-bolt-connection-bom/11.0.2/neo4j-bolt-connection-bom-11.0.2.pom
org.neo4j.driver,neo4j-java-driver-bom,6.1.0,"Apache License, Version 2",http://www.apache.org/licenses/LICENSE-2.0,https://repo.maven.apache.org/maven2/org/neo4j/driver/neo4j-java-driver-bom/6.1.0/neo4j-java-driver-bom-6.1.0.pom
org.objenesis,objenesis,3.6,"Apache License, Version 2.0",http://www.apache.org/licenses/LICENSE-2.0.txt,https://repo.maven.apache.org/maven2/org/objenesis/objenesis/3.6/objenesis-3.6.pom
org.objenesis,objenesis-parent,3.6,"Apache License, Version 2.0",http://www.apache.org/licenses/LICENSE-2.0.txt,https://repo.maven.apache.org/maven2/org/objenesis/objenesis-parent/3.6/objenesis-parent-3.6.pom
org.openrewrite.gradle.tooling,model,8.90.2,"The Apache Software License, Version 2.0",http://www.apache.org/licenses/LICENSE-2.0.txt,https://repo.maven.apache.org/maven2/org/openrewrite/gradle/tooling/model/8.90.2/model-8.90.2.pom
org.openrewrite.maven,rewrite-maven-plugin,6.46.1,"The Apache Software License, Version 2.0",http://www.apache.org/licenses/LICENSE-2.0.txt,https://repo.maven.apache.org/maven2/org/openrewrite/maven/rewrite-maven-plugin/6.46.1/rewrite-maven-plugin-6.46.1.pom
org.openrewrite.meta,rewrite-analysis,2.37.1,"The Apache Software License, Version 2.0",http://www.apache.org/licenses/LICENSE-2.0.txt,https://repo.maven.apache.org/maven2/org/openrewrite/meta/rewrite-analysis/2.37.1/rewrite-analysis-2.37.1.pom
org.openrewrite.recipe,rewrite-apache,2.30.0,Moderne Source Available License,https://docs.moderne.io/licensing/moderne-source-available-license,https://repo.maven.apache.org/maven2/org/openrewrite/recipe/rewrite-apache/2.30.0/rewrite-apache-2.30.0.pom
org.openrewrite.recipe,rewrite-github-actions,3.29.0,Moderne Source Available License,https://docs.moderne.io/licensing/moderne-source-available-license,https://repo.maven.apache.org/maven2/org/openrewrite/recipe/rewrite-github-actions/3.29.0/rewrite-github-actions-3.29.0.pom
org.openrewrite.recipe,rewrite-hibernate,2.25.0,Moderne Source Available License,https://docs.moderne.io/licensing/moderne-source-available-license,https://repo.maven.apache.org/maven2/org/openrewrite/recipe/rewrite-hibernate/2.25.0/rewrite-hibernate-2.25.0.pom
org.openrewrite.recipe,rewrite-jackson,1.29.0,"The Apache Software License, Version 2.0",http://www.apache.org/licenses/LICENSE-2.0.txt,https://repo.maven.apache.org/maven2/org/openrewrite/recipe/rewrite-jackson/1.29.0/rewrite-jackson-1.29.0.pom
org.openrewrite.recipe,rewrite-java-dependencies,1.60.2,"The Apache Software License, Version 2.0",http://www.apache.org/licenses/LICENSE-2.0.txt,https://repo.maven.apache.org/maven2/org/openrewrite/recipe/rewrite-java-dependencies/1.60.2/rewrite-java-dependencies-1.60.2.pom
org.openrewrite.recipe,rewrite-jenkins,0.37.1,Moderne Source Available License,https://docs.moderne.io/licensing/moderne-source-available-license,https://repo.maven.apache.org/maven2/org/openrewrite/recipe/rewrite-jenkins/0.37.1/rewrite-jenkins-0.37.1.pom
org.openrewrite.recipe,rewrite-joda,0.10.1,Moderne Source Available License,https://docs.moderne.io/licensing/moderne-source-available-license,https://repo.maven.apache.org/maven2/org/openrewrite/recipe/rewrite-joda/0.10.1/rewrite-joda-0.10.1.pom
org.openrewrite.recipe,rewrite-logging-frameworks,3.32.0,Moderne Source Available License,https://docs.moderne.io/licensing/moderne-source-available-license,https://repo.maven.apache.org/maven2/org/openrewrite/recipe/rewrite-logging-frameworks/3.32.0/rewrite-logging-frameworks-3.32.0.pom
org.openrewrite.recipe,rewrite-micrometer,0.30.1,Moderne Source Available License,https://docs.moderne.io/licensing/moderne-source-available-license,https://repo.maven.apache.org/maven2/org/openrewrite/recipe/rewrite-micrometer/0.30.1/rewrite-micrometer-0.30.1.pom
org.openrewrite.recipe,rewrite-migrate-java,3.42.0,Moderne Source Available License,https://docs.moderne.io/licensing/moderne-source-available-license,https://repo.maven.apache.org/maven2/org/openrewrite/recipe/rewrite-migrate-java/3.42.0/rewrite-migrate-java-3.42.0.pom
org.openrewrite.recipe,rewrite-migrate-java,3.42.1,Moderne Source Available License,https://docs.moderne.io/licensing/moderne-source-available-license,https://repo.maven.apache.org/maven2/org/openrewrite/recipe/rewrite-migrate-java/3.42.1/rewrite-migrate-java-3.42.1.pom
org.openrewrite.recipe,rewrite-openapi,0.33.1,"The Apache Software License, Version 2.0",http://www.apache.org/licenses/LICENSE-2.0.txt,https://repo.maven.apache.org/maven2/org/openrewrite/recipe/rewrite-openapi/0.33.1/rewrite-openapi-0.33.1.pom
org.openrewrite.recipe,rewrite-recipe-bom,3.31.0,"The Apache Software License, Version 2.0",http://www.apache.org/licenses/LICENSE-2.0.txt,https://repo.maven.apache.org/maven2/org/openrewrite/recipe/rewrite-recipe-bom/3.31.0/rewrite-recipe-bom-3.31.0.pom
org.openrewrite.recipe,rewrite-spring,6.37.1,Moderne Source Available License,https://docs.moderne.io/licensing/moderne-source-available-license,https://repo.maven.apache.org/maven2/org/openrewrite/recipe/rewrite-spring/6.37.1/rewrite-spring-6.37.1.pom
org.openrewrite.recipe,rewrite-static-analysis,2.41.0,Moderne Source Available License,https://docs.moderne.io/licensing/moderne-source-available-license,https://repo.maven.apache.org/maven2/org/openrewrite/recipe/rewrite-static-analysis/2.41.0/rewrite-static-analysis-2.41.0.pom
org.openrewrite.recipe,rewrite-static-analysis,2.41.1,Moderne Source Available License,https://docs.moderne.io/licensing/moderne-source-available-license,https://repo.maven.apache.org/maven2/org/openrewrite/recipe/rewrite-static-analysis/2.41.1/rewrite-static-analysis-2.41.1.pom
org.openrewrite.recipe,rewrite-testing-frameworks,3.44.0,Moderne Source Available License,https://docs.moderne.io/licensing/moderne-source-available-license,https://repo.maven.apache.org/maven2/org/openrewrite/recipe/rewrite-testing-frameworks/3.44.0/rewrite-testing-frameworks-3.44.0.pom
org.openrewrite,rewrite-bom,8.83.0,"The Apache Software License, Version 2.0",http://www.apache.org/licenses/LICENSE-2.0.txt,https://repo.maven.apache.org/maven2/org/openrewrite/rewrite-bom/8.83.0/rewrite-bom-8.83.0.pom
org.openrewrite,rewrite-bom,8.89.0,"The Apache Software License, Version 2.0",http://www.apache.org/licenses/LICENSE-2.0.txt,https://repo.maven.apache.org/maven2/org/openrewrite/rewrite-bom/8.89.0/rewrite-bom-8.89.0.pom
org.openrewrite,rewrite-bom,8.90.1,"The Apache Software License, Version 2.0",http://www.apache.org/licenses/LICENSE-2.0.txt,https://repo.maven.apache.org/maven2/org/openrewrite/rewrite-bom/8.90.1/rewrite-bom-8.90.1.pom
org.openrewrite,rewrite-bom,8.90.2,"The Apache Software License, Version 2.0",http://www.apache.org/licenses/LICENSE-2.0.txt,https://repo.maven.apache.org/maven2/org/openrewrite/rewrite-bom/8.90.2/rewrite-bom-8.90.2.pom
org.openrewrite,rewrite-core,8.89.0,"The Apache Software License, Version 2.0",http://www.apache.org/licenses/LICENSE-2.0.txt,https://repo.maven.apache.org/maven2/org/openrewrite/rewrite-core/8.89.0/rewrite-core-8.89.0.pom
org.openrewrite,rewrite-core,8.90.1,"The Apache Software License, Version 2.0",http://www.apache.org/licenses/LICENSE-2.0.txt,https://repo.maven.apache.org/maven2/org/openrewrite/rewrite-core/8.90.1/rewrite-core-8.90.1.pom
org.openrewrite,rewrite-core,8.90.2,"The Apache Software License, Version 2.0",http://www.apache.org/licenses/LICENSE-2.0.txt,https://repo.maven.apache.org/maven2/org/openrewrite/rewrite-core/8.90.2/rewrite-core-8.90.2.pom
org.openrewrite,rewrite-docker,8.89.0,"The Apache Software License, Version 2.0",http://www.apache.org/licenses/LICENSE-2.0.txt,https://repo.maven.apache.org/maven2/org/openrewrite/rewrite-docker/8.89.0/rewrite-docker-8.89.0.pom
org.openrewrite,rewrite-docker,8.90.2,"The Apache Software License, Version 2.0",http://www.apache.org/licenses/LICENSE-2.0.txt,https://repo.maven.apache.org/maven2/org/openrewrite/rewrite-docker/8.90.2/rewrite-docker-8.90.2.pom
org.openrewrite,rewrite-gradle,8.89.0,"The Apache Software License, Version 2.0",http://www.apache.org/licenses/LICENSE-2.0.txt,https://repo.maven.apache.org/maven2/org/openrewrite/rewrite-gradle/8.89.0/rewrite-gradle-8.89.0.pom
org.openrewrite,rewrite-gradle,8.90.2,"The Apache Software License, Version 2.0",http://www.apache.org/licenses/LICENSE-2.0.txt,https://repo.maven.apache.org/maven2/org/openrewrite/rewrite-gradle/8.90.2/rewrite-gradle-8.90.2.pom
org.openrewrite,rewrite-groovy,8.89.0,"The Apache Software License, Version 2.0",http://www.apache.org/licenses/LICENSE-2.0.txt,https://repo.maven.apache.org/maven2/org/openrewrite/rewrite-groovy/8.89.0/rewrite-groovy-8.89.0.pom
org.openrewrite,rewrite-groovy,8.90.2,"The Apache Software License, Version 2.0",http://www.apache.org/licenses/LICENSE-2.0.txt,https://repo.maven.apache.org/maven2/org/openrewrite/rewrite-groovy/8.90.2/rewrite-groovy-8.90.2.pom
org.openrewrite,rewrite-hcl,8.89.0,"The Apache Software License, Version 2.0",http://www.apache.org/licenses/LICENSE-2.0.txt,https://repo.maven.apache.org/maven2/org/openrewrite/rewrite-hcl/8.89.0/rewrite-hcl-8.89.0.pom
org.openrewrite,rewrite-java,8.89.0,"The Apache Software License, Version 2.0",http://www.apache.org/licenses/LICENSE-2.0.txt,https://repo.maven.apache.org/maven2/org/openrewrite/rewrite-java/8.89.0/rewrite-java-8.89.0.pom
org.openrewrite,rewrite-java,8.90.1,"The Apache Software License, Version 2.0",http://www.apache.org/licenses/LICENSE-2.0.txt,https://repo.maven.apache.org/maven2/org/openrewrite/rewrite-java/8.90.1/rewrite-java-8.90.1.pom
org.openrewrite,rewrite-java,8.90.2,"The Apache Software License, Version 2.0",http://www.apache.org/licenses/LICENSE-2.0.txt,https://repo.maven.apache.org/maven2/org/openrewrite/rewrite-java/8.90.2/rewrite-java-8.90.2.pom
org.openrewrite,rewrite-java-11,8.89.0,"The Apache Software License, Version 2.0",http://www.apache.org/licenses/LICENSE-2.0.txt,https://repo.maven.apache.org/maven2/org/openrewrite/rewrite-java-11/8.89.0/rewrite-java-11-8.89.0.pom
org.openrewrite,rewrite-java-11,8.90.2,"The Apache Software License, Version 2.0",http://www.apache.org/licenses/LICENSE-2.0.txt,https://repo.maven.apache.org/maven2/org/openrewrite/rewrite-java-11/8.90.2/rewrite-java-11-8.90.2.pom
org.openrewrite,rewrite-java-17,8.89.0,"The Apache Software License, Version 2.0",http://www.apache.org/licenses/LICENSE-2.0.txt,https://repo.maven.apache.org/maven2/org/openrewrite/rewrite-java-17/8.89.0/rewrite-java-17-8.89.0.pom
org.openrewrite,rewrite-java-17,8.90.2,"The Apache Software License, Version 2.0",http://www.apache.org/licenses/LICENSE-2.0.txt,https://repo.maven.apache.org/maven2/org/openrewrite/rewrite-java-17/8.90.2/rewrite-java-17-8.90.2.pom
org.openrewrite,rewrite-java-21,8.89.0,"The Apache Software License, Version 2.0",http://www.apache.org/licenses/LICENSE-2.0.txt,https://repo.maven.apache.org/maven2/org/openrewrite/rewrite-java-21/8.89.0/rewrite-java-21-8.89.0.pom
org.openrewrite,rewrite-java-21,8.90.2,"The Apache Software License, Version 2.0",http://www.apache.org/licenses/LICENSE-2.0.txt,https://repo.maven.apache.org/maven2/org/openrewrite/rewrite-java-21/8.90.2/rewrite-java-21-8.90.2.pom
org.openrewrite,rewrite-java-25,8.89.0,"The Apache Software License, Version 2.0",http://www.apache.org/licenses/LICENSE-2.0.txt,https://repo.maven.apache.org/maven2/org/openrewrite/rewrite-java-25/8.89.0/rewrite-java-25-8.89.0.pom
org.openrewrite,rewrite-java-25,8.90.2,"The Apache Software License, Version 2.0",http://www.apache.org/licenses/LICENSE-2.0.txt,https://repo.maven.apache.org/maven2/org/openrewrite/rewrite-java-25/8.90.2/rewrite-java-25-8.90.2.pom
org.openrewrite,rewrite-java-8,8.89.0,"The Apache Software License, Version 2.0",http://www.apache.org/licenses/LICENSE-2.0.txt,https://repo.maven.apache.org/maven2/org/openrewrite/rewrite-java-8/8.89.0/rewrite-java-8-8.89.0.pom
org.openrewrite,rewrite-java-8,8.90.2,"The Apache Software License, Version 2.0",http://www.apache.org/licenses/LICENSE-2.0.txt,https://repo.maven.apache.org/maven2/org/openrewrite/rewrite-java-8/8.90.2/rewrite-java-8-8.90.2.pom
org.openrewrite,rewrite-java-lombok,8.89.0,"The Apache Software License, Version 2.0",http://www.apache.org/licenses/LICENSE-2.0.txt,https://repo.maven.apache.org/maven2/org/openrewrite/rewrite-java-lombok/8.89.0/rewrite-java-lombok-8.89.0.pom
org.openrewrite,rewrite-java-lombok,8.90.2,"The Apache Software License, Version 2.0",http://www.apache.org/licenses/LICENSE-2.0.txt,https://repo.maven.apache.org/maven2/org/openrewrite/rewrite-java-lombok/8.90.2/rewrite-java-lombok-8.90.2.pom
org.openrewrite,rewrite-json,8.89.0,"The Apache Software License, Version 2.0",http://www.apache.org/licenses/LICENSE-2.0.txt,https://repo.maven.apache.org/maven2/org/openrewrite/rewrite-json/8.89.0/rewrite-json-8.89.0.pom
org.openrewrite,rewrite-json,8.90.2,"The Apache Software License, Version 2.0",http://www.apache.org/licenses/LICENSE-2.0.txt,https://repo.maven.apache.org/maven2/org/openrewrite/rewrite-json/8.90.2/rewrite-json-8.90.2.pom
org.openrewrite,rewrite-kotlin,8.89.0,"The Apache Software License, Version 2.0",http://www.apache.org/licenses/LICENSE-2.0.txt,https://repo.maven.apache.org/maven2/org/openrewrite/rewrite-kotlin/8.89.0/rewrite-kotlin-8.89.0.pom
org.openrewrite,rewrite-kotlin,8.90.2,"The Apache Software License, Version 2.0",http://www.apache.org/licenses/LICENSE-2.0.txt,https://repo.maven.apache.org/maven2/org/openrewrite/rewrite-kotlin/8.90.2/rewrite-kotlin-8.90.2.pom
org.openrewrite,rewrite-maven,8.89.0,"The Apache Software License, Version 2.0",http://www.apache.org/licenses/LICENSE-2.0.txt,https://repo.maven.apache.org/maven2/org/openrewrite/rewrite-maven/8.89.0/rewrite-maven-8.89.0.pom
org.openrewrite,rewrite-maven,8.90.2,"The Apache Software License, Version 2.0",http://www.apache.org/licenses/LICENSE-2.0.txt,https://repo.maven.apache.org/maven2/org/openrewrite/rewrite-maven/8.90.2/rewrite-maven-8.90.2.pom
org.openrewrite,rewrite-polyglot,2.11.1,"The Apache Software License, Version 2.0",http://www.apache.org/licenses/LICENSE-2.0.txt,https://repo.maven.apache.org/maven2/org/openrewrite/rewrite-polyglot/2.11.1/rewrite-polyglot-2.11.1.pom
org.openrewrite,rewrite-properties,8.89.0,"The Apache Software License, Version 2.0",http://www.apache.org/licenses/LICENSE-2.0.txt,https://repo.maven.apache.org/maven2/org/openrewrite/rewrite-properties/8.89.0/rewrite-properties-8.89.0.pom
org.openrewrite,rewrite-properties,8.90.1,"The Apache Software License, Version 2.0",http://www.apache.org/licenses/LICENSE-2.0.txt,https://repo.maven.apache.org/maven2/org/openrewrite/rewrite-properties/8.90.1/rewrite-properties-8.90.1.pom
org.openrewrite,rewrite-properties,8.90.2,"The Apache Software License, Version 2.0",http://www.apache.org/licenses/LICENSE-2.0.txt,https://repo.maven.apache.org/maven2/org/openrewrite/rewrite-properties/8.90.2/rewrite-properties-8.90.2.pom
org.openrewrite,rewrite-protobuf,8.89.0,"The Apache Software License, Version 2.0",http://www.apache.org/licenses/LICENSE-2.0.txt,https://repo.maven.apache.org/maven2/org/openrewrite/rewrite-protobuf/8.89.0/rewrite-protobuf-8.89.0.pom
org.openrewrite,rewrite-templating,1.44.0,"The Apache Software License, Version 2.0",http://www.apache.org/licenses/LICENSE-2.0.txt,https://repo.maven.apache.org/maven2/org/openrewrite/rewrite-templating/1.44.0/rewrite-templating-1.44.0.pom
org.openrewrite,rewrite-toml,8.89.0,"The Apache Software License, Version 2.0",http://www.apache.org/licenses/LICENSE-2.0.txt,https://repo.maven.apache.org/maven2/org/openrewrite/rewrite-toml/8.89.0/rewrite-toml-8.89.0.pom
org.openrewrite,rewrite-toml,8.90.2,"The Apache Software License, Version 2.0",http://www.apache.org/licenses/LICENSE-2.0.txt,https://repo.maven.apache.org/maven2/org/openrewrite/rewrite-toml/8.90.2/rewrite-toml-8.90.2.pom
org.openrewrite,rewrite-xml,8.89.0,"The Apache Software License, Version 2.0",http://www.apache.org/licenses/LICENSE-2.0.txt,https://repo.maven.apache.org/maven2/org/openrewrite/rewrite-xml/8.89.0/rewrite-xml-8.89.0.pom
org.openrewrite,rewrite-xml,8.90.1,"The Apache Software License, Version 2.0",http://www.apache.org/licenses/LICENSE-2.0.txt,https://repo.maven.apache.org/maven2/org/openrewrite/rewrite-xml/8.90.1/rewrite-xml-8.90.1.pom
org.openrewrite,rewrite-xml,8.90.2,"The Apache Software License, Version 2.0",http://www.apache.org/licenses/LICENSE-2.0.txt,https://repo.maven.apache.org/maven2/org/openrewrite/rewrite-xml/8.90.2/rewrite-xml-8.90.2.pom
org.openrewrite,rewrite-yaml,8.89.0,"The Apache Software License, Version 2.0",http://www.apache.org/licenses/LICENSE-2.0.txt,https://repo.maven.apache.org/maven2/org/openrewrite/rewrite-yaml/8.89.0/rewrite-yaml-8.89.0.pom
org.openrewrite,rewrite-yaml,8.90.1,"The Apache Software License, Version 2.0",http://www.apache.org/licenses/LICENSE-2.0.txt,https://repo.maven.apache.org/maven2/org/openrewrite/rewrite-yaml/8.90.1/rewrite-yaml-8.90.1.pom
org.openrewrite,rewrite-yaml,8.90.2,"The Apache Software License, Version 2.0",http://www.apache.org/licenses/LICENSE-2.0.txt,https://repo.maven.apache.org/maven2/org/openrewrite/rewrite-yaml/8.90.2/rewrite-yaml-8.90.2.pom
org.openrewrite.tools,java-object-diff,1.0.1,"The Apache Software License, Version 2.0",http://www.apache.org/licenses/LICENSE-2.0.txt,https://repo.maven.apache.org/maven2/org/openrewrite/tools/java-object-diff/1.0.1/java-object-diff-1.0.1.pom
org.openrewrite.tools,java-object-diff,1.0.2,"The Apache Software License, Version 2.0",http://www.apache.org/licenses/LICENSE-2.0.txt,https://repo.maven.apache.org/maven2/org/openrewrite/tools/java-object-diff/1.0.2/java-object-diff-1.0.2.pom
org.openrewrite.tools,jgit,1.5.0,"The Apache Software License, Version 2.0",http://www.apache.org/licenses/LICENSE-2.0.txt,https://repo.maven.apache.org/maven2/org/openrewrite/tools/jgit/1.5.0/jgit-1.5.0.pom
org.ow2.asm,asm,9.10,BSD-3-Clause,https://asm.ow2.io/license.html,https://repo.maven.apache.org/maven2/org/ow2/asm/asm/9.10/asm-9.10.pom
org.ow2.asm,asm,9.10.1,BSD-3-Clause,https://asm.ow2.io/license.html,https://repo.maven.apache.org/maven2/org/ow2/asm/asm/9.10.1/asm-9.10.1.pom
org.ow2.asm,asm,9.3,BSD-3-Clause,https://asm.ow2.io/license.html,https://repo.maven.apache.org/maven2/org/ow2/asm/asm/9.3/asm-9.3.pom
org.ow2.asm,asm,9.7.1,BSD-3-Clause,https://asm.ow2.io/license.html,https://repo.maven.apache.org/maven2/org/ow2/asm/asm/9.7.1/asm-9.7.1.pom
org.ow2.asm,asm,9.8,BSD-3-Clause,https://asm.ow2.io/license.html,https://repo.maven.apache.org/maven2/org/ow2/asm/asm/9.8/asm-9.8.pom
org.ow2.asm,asm,9.9.1,BSD-3-Clause,https://asm.ow2.io/license.html,https://repo.maven.apache.org/maven2/org/ow2/asm/asm/9.9.1/asm-9.9.1.pom
org.ow2.asm,asm-analysis,9.10.1,BSD-3-Clause,https://asm.ow2.io/license.html,https://repo.maven.apache.org/maven2/org/ow2/asm/asm-analysis/9.10.1/asm-analysis-9.10.1.pom
org.ow2.asm,asm-analysis,9.3,BSD-3-Clause,https://asm.ow2.io/license.html,https://repo.maven.apache.org/maven2/org/ow2/asm/asm-analysis/9.3/asm-analysis-9.3.pom
org.ow2.asm,asm-tree,9.10.1,BSD-3-Clause,https://asm.ow2.io/license.html,https://repo.maven.apache.org/maven2/org/ow2/asm/asm-tree/9.10.1/asm-tree-9.10.1.pom
org.ow2.asm,asm-tree,9.3,BSD-3-Clause,https://asm.ow2.io/license.html,https://repo.maven.apache.org/maven2/org/ow2/asm/asm-tree/9.3/asm-tree-9.3.pom
org.ow2.asm,asm-util,9.10.1,BSD-3-Clause,https://asm.ow2.io/license.html,https://repo.maven.apache.org/maven2/org/ow2/asm/asm-util/9.10.1/asm-util-9.10.1.pom
org.ow2.asm,asm-util,9.3,BSD-3-Clause,https://asm.ow2.io/license.html,https://repo.maven.apache.org/maven2/org/ow2/asm/asm-util/9.3/asm-util-9.3.pom
org.ow2,ow2,1.5,"The Apache Software License, Version 2.0",http://www.apache.org/licenses/LICENSE-2.0.txt,https://repo.maven.apache.org/maven2/org/ow2/ow2/1.5/ow2-1.5.pom
org.ow2,ow2,1.5.1,"The Apache Software License, Version 2.0",http://www.apache.org/licenses/LICENSE-2.0.txt,https://repo.maven.apache.org/maven2/org/ow2/ow2/1.5.1/ow2-1.5.1.pom
org.projectlombok,lombok,1.18.46,The MIT License,https://projectlombok.org/LICENSE,https://repo.maven.apache.org/maven2/org/projectlombok/lombok/1.18.46/lombok-1.18.46.pom
org.rocksdb,rocksdbjni,8.8.1,"Apache License 2.0 | GNU General Public License, version 2",http://www.apache.org/licenses/LICENSE-2.0.html | http://www.gnu.org/licenses/gpl-2.0.html,https://repo.maven.apache.org/maven2/org/rocksdb/rocksdbjni/8.8.1/rocksdbjni-8.8.1.pom
org.seleniumhq.selenium,selenium-bom,4.31.0,"The Apache Software License, Version 2.0",http://www.apache.org/licenses/LICENSE-2.0.txt,https://repo.maven.apache.org/maven2/org/seleniumhq/selenium/selenium-bom/4.31.0/selenium-bom-4.31.0.pom
org.seleniumhq.selenium,selenium-bom,4.37.0,"The Apache Software License, Version 2.0",http://www.apache.org/licenses/LICENSE-2.0.txt,https://repo.maven.apache.org/maven2/org/seleniumhq/selenium/selenium-bom/4.37.0/selenium-bom-4.37.0.pom
org.slf4j,jul-to-slf4j,2.0.17,MIT,https://opensource.org/license/mit,https://repo.maven.apache.org/maven2/org/slf4j/jul-to-slf4j/2.0.17/jul-to-slf4j-2.0.17.pom
org.slf4j,jul-to-slf4j,2.0.18,MIT,https://opensource.org/license/mit,https://repo.maven.apache.org/maven2/org/slf4j/jul-to-slf4j/2.0.18/jul-to-slf4j-2.0.18.pom
org.slf4j,slf4j-api,1.7.30,MIT License,http://www.opensource.org/licenses/mit-license.php,https://repo.maven.apache.org/maven2/org/slf4j/slf4j-api/1.7.30/slf4j-api-1.7.30.pom
org.slf4j,slf4j-api,1.7.36,MIT License,http://www.opensource.org/licenses/mit-license.php,https://repo.maven.apache.org/maven2/org/slf4j/slf4j-api/1.7.36/slf4j-api-1.7.36.pom
org.slf4j,slf4j-api,1.7.5,MIT License,http://www.opensource.org/licenses/mit-license.php,https://repo.maven.apache.org/maven2/org/slf4j/slf4j-api/1.7.5/slf4j-api-1.7.5.pom
org.slf4j,slf4j-api,2.0.17,MIT,https://opensource.org/license/mit,https://repo.maven.apache.org/maven2/org/slf4j/slf4j-api/2.0.17/slf4j-api-2.0.17.pom
org.slf4j,slf4j-api,2.0.18,MIT,https://opensource.org/license/mit,https://repo.maven.apache.org/maven2/org/slf4j/slf4j-api/2.0.18/slf4j-api-2.0.18.pom
org.slf4j,slf4j-bom,2.0.17,MIT,https://opensource.org/license/mit,https://repo.maven.apache.org/maven2/org/slf4j/slf4j-bom/2.0.17/slf4j-bom-2.0.17.pom
org.slf4j,slf4j-bom,2.0.18,MIT,https://opensource.org/license/mit,https://repo.maven.apache.org/maven2/org/slf4j/slf4j-bom/2.0.18/slf4j-bom-2.0.18.pom
org.slf4j,slf4j-parent,1.7.30,MIT License,http://www.opensource.org/licenses/mit-license.php,https://repo.maven.apache.org/maven2/org/slf4j/slf4j-parent/1.7.30/slf4j-parent-1.7.30.pom
org.slf4j,slf4j-parent,1.7.36,MIT License,http://www.opensource.org/licenses/mit-license.php,https://repo.maven.apache.org/maven2/org/slf4j/slf4j-parent/1.7.36/slf4j-parent-1.7.36.pom
org.slf4j,slf4j-parent,1.7.5,MIT License,http://www.opensource.org/licenses/mit-license.php,https://repo.maven.apache.org/maven2/org/slf4j/slf4j-parent/1.7.5/slf4j-parent-1.7.5.pom
org.slf4j,slf4j-parent,2.0.17,MIT,https://opensource.org/license/mit,https://repo.maven.apache.org/maven2/org/slf4j/slf4j-parent/2.0.17/slf4j-parent-2.0.17.pom
org.slf4j,slf4j-parent,2.0.18,MIT,https://opensource.org/license/mit,https://repo.maven.apache.org/maven2/org/slf4j/slf4j-parent/2.0.18/slf4j-parent-2.0.18.pom
org.sonatype.forge,forge-parent,5,NON DECLAREE / A VERIFIER,,https://repo.maven.apache.org/maven2/org/sonatype/forge/forge-parent/5/forge-parent-5.pom
org.sonatype.forge,forge-parent,6,NON DECLAREE / A VERIFIER,,https://repo.maven.apache.org/maven2/org/sonatype/forge/forge-parent/6/forge-parent-6.pom
org.sonatype.oss,oss-parent,5,NON DECLAREE / A VERIFIER,,https://repo.maven.apache.org/maven2/org/sonatype/oss/oss-parent/5/oss-parent-5.pom
org.sonatype.oss,oss-parent,7,Apache License 2.0 (en-tete du POM),https://www.apache.org/licenses/LICENSE-2.0,https://repo.maven.apache.org/maven2/org/sonatype/oss/oss-parent/7/oss-parent-7.pom
org.sonatype.oss,oss-parent,9,Apache License 2.0 (en-tete du POM),https://www.apache.org/licenses/LICENSE-2.0,https://repo.maven.apache.org/maven2/org/sonatype/oss/oss-parent/9/oss-parent-9.pom
org.sonatype.plexus,plexus-build-api,0.0.7,Apache License 2.0 (en-tete du POM),https://www.apache.org/licenses/LICENSE-2.0,https://repo.maven.apache.org/maven2/org/sonatype/plexus/plexus-build-api/0.0.7/plexus-build-api-0.0.7.pom
org.sonatype.sisu.inject,guice-bean,1.4.2,"The Apache Software License, Version 2.0",http://www.apache.org/licenses/LICENSE-2.0.txt,https://repo.maven.apache.org/maven2/org/sonatype/sisu/inject/guice-bean/1.4.2/guice-bean-1.4.2.pom
org.sonatype.sisu.inject,guice-plexus,1.4.2,"The Apache Software License, Version 2.0",http://www.apache.org/licenses/LICENSE-2.0.txt,https://repo.maven.apache.org/maven2/org/sonatype/sisu/inject/guice-plexus/1.4.2/guice-plexus-1.4.2.pom
org.sonatype.sisu,sisu-guice,2.1.7,"The Apache Software License, Version 2.0",http://www.apache.org/licenses/LICENSE-2.0.txt,https://repo.maven.apache.org/maven2/org/sonatype/sisu/sisu-guice/2.1.7/sisu-guice-2.1.7.pom
org.sonatype.sisu,sisu-inject,1.4.2,"The Apache Software License, Version 2.0",http://www.apache.org/licenses/LICENSE-2.0.txt,https://repo.maven.apache.org/maven2/org/sonatype/sisu/sisu-inject/1.4.2/sisu-inject-1.4.2.pom
org.sonatype.sisu,sisu-inject-bean,1.4.2,"The Apache Software License, Version 2.0",http://www.apache.org/licenses/LICENSE-2.0.txt,https://repo.maven.apache.org/maven2/org/sonatype/sisu/sisu-inject-bean/1.4.2/sisu-inject-bean-1.4.2.pom
org.sonatype.sisu,sisu-inject-plexus,1.4.2,"The Apache Software License, Version 2.0",http://www.apache.org/licenses/LICENSE-2.0.txt,https://repo.maven.apache.org/maven2/org/sonatype/sisu/sisu-inject-plexus/1.4.2/sisu-inject-plexus-1.4.2.pom
org.sonatype.sisu,sisu-parent,1.4.2,"The Apache Software License, Version 2.0",http://www.apache.org/licenses/LICENSE-2.0.txt,https://repo.maven.apache.org/maven2/org/sonatype/sisu/sisu-parent/1.4.2/sisu-parent-1.4.2.pom
org.sonatype.spice,spice-parent,15,Apache Public License 2.0,http://www.apache.org/licenses/LICENSE-2.0,https://repo.maven.apache.org/maven2/org/sonatype/spice/spice-parent/15/spice-parent-15.pom
org.springframework.amqp,spring-amqp-bom,3.2.12,"Apache License, Version 2.0",https://www.apache.org/licenses/LICENSE-2.0.txt,https://repo.maven.apache.org/maven2/org/springframework/amqp/spring-amqp-bom/3.2.12/spring-amqp-bom-3.2.12.pom
org.springframework.amqp,spring-amqp-bom,3.2.5,"Apache License, Version 2.0",https://www.apache.org/licenses/LICENSE-2.0.txt,https://repo.maven.apache.org/maven2/org/springframework/amqp/spring-amqp-bom/3.2.5/spring-amqp-bom-3.2.5.pom
org.springframework.amqp,spring-amqp-bom,4.0.5,"Apache License, Version 2.0",https://www.apache.org/licenses/LICENSE-2.0.txt,https://repo.maven.apache.org/maven2/org/springframework/amqp/spring-amqp-bom/4.0.5/spring-amqp-bom-4.0.5.pom
org.springframework.batch,spring-batch-bom,5.2.2,Apache 2.0,https://www.apache.org/licenses/LICENSE-2.0.txt,https://repo.maven.apache.org/maven2/org/springframework/batch/spring-batch-bom/5.2.2/spring-batch-bom-5.2.2.pom
org.springframework.batch,spring-batch-bom,5.2.6,Apache 2.0,https://www.apache.org/licenses/LICENSE-2.0.txt,https://repo.maven.apache.org/maven2/org/springframework/batch/spring-batch-bom/5.2.6/spring-batch-bom-5.2.6.pom
org.springframework.batch,spring-batch-bom,6.0.5,Apache 2.0,https://www.apache.org/licenses/LICENSE-2.0.txt,https://repo.maven.apache.org/maven2/org/springframework/batch/spring-batch-bom/6.0.5/spring-batch-bom-6.0.5.pom
org.springframework.boot,spring-boot,3.5.0,"Apache License, Version 2.0",https://www.apache.org/licenses/LICENSE-2.0,https://repo.maven.apache.org/maven2/org/springframework/boot/spring-boot/3.5.0/spring-boot-3.5.0.pom
org.springframework.boot,spring-boot,3.5.16,"Apache License, Version 2.0",https://www.apache.org/licenses/LICENSE-2.0,https://repo.maven.apache.org/maven2/org/springframework/boot/spring-boot/3.5.16/spring-boot-3.5.16.pom
org.springframework.boot,spring-boot,4.0.8,"Apache License, Version 2.0",https://www.apache.org/licenses/LICENSE-2.0,https://repo.maven.apache.org/maven2/org/springframework/boot/spring-boot/4.0.8/spring-boot-4.0.8.pom
org.springframework.boot,spring-boot-autoconfigure,3.5.0,"Apache License, Version 2.0",https://www.apache.org/licenses/LICENSE-2.0,https://repo.maven.apache.org/maven2/org/springframework/boot/spring-boot-autoconfigure/3.5.0/spring-boot-autoconfigure-3.5.0.pom
org.springframework.boot,spring-boot-autoconfigure,3.5.16,"Apache License, Version 2.0",https://www.apache.org/licenses/LICENSE-2.0,https://repo.maven.apache.org/maven2/org/springframework/boot/spring-boot-autoconfigure/3.5.16/spring-boot-autoconfigure-3.5.16.pom
org.springframework.boot,spring-boot-autoconfigure,4.0.8,"Apache License, Version 2.0",https://www.apache.org/licenses/LICENSE-2.0,https://repo.maven.apache.org/maven2/org/springframework/boot/spring-boot-autoconfigure/4.0.8/spring-boot-autoconfigure-4.0.8.pom
org.springframework.boot,spring-boot-data-commons,4.0.8,"Apache License, Version 2.0",https://www.apache.org/licenses/LICENSE-2.0,https://repo.maven.apache.org/maven2/org/springframework/boot/spring-boot-data-commons/4.0.8/spring-boot-data-commons-4.0.8.pom
org.springframework.boot,spring-boot-data-jpa,4.0.8,"Apache License, Version 2.0",https://www.apache.org/licenses/LICENSE-2.0,https://repo.maven.apache.org/maven2/org/springframework/boot/spring-boot-data-jpa/4.0.8/spring-boot-data-jpa-4.0.8.pom
org.springframework.boot,spring-boot-dependencies,3.5.0,"Apache License, Version 2.0",https://www.apache.org/licenses/LICENSE-2.0,https://repo.maven.apache.org/maven2/org/springframework/boot/spring-boot-dependencies/3.5.0/spring-boot-dependencies-3.5.0.pom
org.springframework.boot,spring-boot-dependencies,3.5.16,"Apache License, Version 2.0",https://www.apache.org/licenses/LICENSE-2.0,https://repo.maven.apache.org/maven2/org/springframework/boot/spring-boot-dependencies/3.5.16/spring-boot-dependencies-3.5.16.pom
org.springframework.boot,spring-boot-dependencies,4.0.8,"Apache License, Version 2.0",https://www.apache.org/licenses/LICENSE-2.0,https://repo.maven.apache.org/maven2/org/springframework/boot/spring-boot-dependencies/4.0.8/spring-boot-dependencies-4.0.8.pom
org.springframework.boot,spring-boot-hibernate,4.0.8,"Apache License, Version 2.0",https://www.apache.org/licenses/LICENSE-2.0,https://repo.maven.apache.org/maven2/org/springframework/boot/spring-boot-hibernate/4.0.8/spring-boot-hibernate-4.0.8.pom
org.springframework.boot,spring-boot-http-converter,4.0.8,"Apache License, Version 2.0",https://www.apache.org/licenses/LICENSE-2.0,https://repo.maven.apache.org/maven2/org/springframework/boot/spring-boot-http-converter/4.0.8/spring-boot-http-converter-4.0.8.pom
org.springframework.boot,spring-boot-jackson,4.0.8,"Apache License, Version 2.0",https://www.apache.org/licenses/LICENSE-2.0,https://repo.maven.apache.org/maven2/org/springframework/boot/spring-boot-jackson/4.0.8/spring-boot-jackson-4.0.8.pom
org.springframework.boot,spring-boot-jdbc,4.0.8,"Apache License, Version 2.0",https://www.apache.org/licenses/LICENSE-2.0,https://repo.maven.apache.org/maven2/org/springframework/boot/spring-boot-jdbc/4.0.8/spring-boot-jdbc-4.0.8.pom
org.springframework.boot,spring-boot-jpa,4.0.8,"Apache License, Version 2.0",https://www.apache.org/licenses/LICENSE-2.0,https://repo.maven.apache.org/maven2/org/springframework/boot/spring-boot-jpa/4.0.8/spring-boot-jpa-4.0.8.pom
org.springframework.boot,spring-boot-persistence,4.0.8,"Apache License, Version 2.0",https://www.apache.org/licenses/LICENSE-2.0,https://repo.maven.apache.org/maven2/org/springframework/boot/spring-boot-persistence/4.0.8/spring-boot-persistence-4.0.8.pom
org.springframework.boot,spring-boot-servlet,4.0.8,"Apache License, Version 2.0",https://www.apache.org/licenses/LICENSE-2.0,https://repo.maven.apache.org/maven2/org/springframework/boot/spring-boot-servlet/4.0.8/spring-boot-servlet-4.0.8.pom
org.springframework.boot,spring-boot-sql,4.0.8,"Apache License, Version 2.0",https://www.apache.org/licenses/LICENSE-2.0,https://repo.maven.apache.org/maven2/org/springframework/boot/spring-boot-sql/4.0.8/spring-boot-sql-4.0.8.pom
org.springframework.boot,spring-boot-starter,3.5.0,"Apache License, Version 2.0",https://www.apache.org/licenses/LICENSE-2.0,https://repo.maven.apache.org/maven2/org/springframework/boot/spring-boot-starter/3.5.0/spring-boot-starter-3.5.0.pom
org.springframework.boot,spring-boot-starter,3.5.16,"Apache License, Version 2.0",https://www.apache.org/licenses/LICENSE-2.0,https://repo.maven.apache.org/maven2/org/springframework/boot/spring-boot-starter/3.5.16/spring-boot-starter-3.5.16.pom
org.springframework.boot,spring-boot-starter,4.0.8,"Apache License, Version 2.0",https://www.apache.org/licenses/LICENSE-2.0,https://repo.maven.apache.org/maven2/org/springframework/boot/spring-boot-starter/4.0.8/spring-boot-starter-4.0.8.pom
org.springframework.boot,spring-boot-starter-data-jpa,3.5.0,"Apache License, Version 2.0",https://www.apache.org/licenses/LICENSE-2.0,https://repo.maven.apache.org/maven2/org/springframework/boot/spring-boot-starter-data-jpa/3.5.0/spring-boot-starter-data-jpa-3.5.0.pom
org.springframework.boot,spring-boot-starter-data-jpa,3.5.16,"Apache License, Version 2.0",https://www.apache.org/licenses/LICENSE-2.0,https://repo.maven.apache.org/maven2/org/springframework/boot/spring-boot-starter-data-jpa/3.5.16/spring-boot-starter-data-jpa-3.5.16.pom
org.springframework.boot,spring-boot-starter-data-jpa,4.0.8,"Apache License, Version 2.0",https://www.apache.org/licenses/LICENSE-2.0,https://repo.maven.apache.org/maven2/org/springframework/boot/spring-boot-starter-data-jpa/4.0.8/spring-boot-starter-data-jpa-4.0.8.pom
org.springframework.boot,spring-boot-starter-jackson,4.0.8,"Apache License, Version 2.0",https://www.apache.org/licenses/LICENSE-2.0,https://repo.maven.apache.org/maven2/org/springframework/boot/spring-boot-starter-jackson/4.0.8/spring-boot-starter-jackson-4.0.8.pom
org.springframework.boot,spring-boot-starter-jdbc,3.5.0,"Apache License, Version 2.0",https://www.apache.org/licenses/LICENSE-2.0,https://repo.maven.apache.org/maven2/org/springframework/boot/spring-boot-starter-jdbc/3.5.0/spring-boot-starter-jdbc-3.5.0.pom
org.springframework.boot,spring-boot-starter-jdbc,3.5.16,"Apache License, Version 2.0",https://www.apache.org/licenses/LICENSE-2.0,https://repo.maven.apache.org/maven2/org/springframework/boot/spring-boot-starter-jdbc/3.5.16/spring-boot-starter-jdbc-3.5.16.pom
org.springframework.boot,spring-boot-starter-jdbc,4.0.8,"Apache License, Version 2.0",https://www.apache.org/licenses/LICENSE-2.0,https://repo.maven.apache.org/maven2/org/springframework/boot/spring-boot-starter-jdbc/4.0.8/spring-boot-starter-jdbc-4.0.8.pom
org.springframework.boot,spring-boot-starter-json,3.5.0,"Apache License, Version 2.0",https://www.apache.org/licenses/LICENSE-2.0,https://repo.maven.apache.org/maven2/org/springframework/boot/spring-boot-starter-json/3.5.0/spring-boot-starter-json-3.5.0.pom
org.springframework.boot,spring-boot-starter-json,3.5.16,"Apache License, Version 2.0",https://www.apache.org/licenses/LICENSE-2.0,https://repo.maven.apache.org/maven2/org/springframework/boot/spring-boot-starter-json/3.5.16/spring-boot-starter-json-3.5.16.pom
org.springframework.boot,spring-boot-starter-logging,3.5.0,"Apache License, Version 2.0",https://www.apache.org/licenses/LICENSE-2.0,https://repo.maven.apache.org/maven2/org/springframework/boot/spring-boot-starter-logging/3.5.0/spring-boot-starter-logging-3.5.0.pom
org.springframework.boot,spring-boot-starter-logging,3.5.16,"Apache License, Version 2.0",https://www.apache.org/licenses/LICENSE-2.0,https://repo.maven.apache.org/maven2/org/springframework/boot/spring-boot-starter-logging/3.5.16/spring-boot-starter-logging-3.5.16.pom
org.springframework.boot,spring-boot-starter-logging,4.0.8,"Apache License, Version 2.0",https://www.apache.org/licenses/LICENSE-2.0,https://repo.maven.apache.org/maven2/org/springframework/boot/spring-boot-starter-logging/4.0.8/spring-boot-starter-logging-4.0.8.pom
org.springframework.boot,spring-boot-starter-parent,3.5.0,"Apache License, Version 2.0",https://www.apache.org/licenses/LICENSE-2.0,https://repo.maven.apache.org/maven2/org/springframework/boot/spring-boot-starter-parent/3.5.0/spring-boot-starter-parent-3.5.0.pom
org.springframework.boot,spring-boot-starter-parent,3.5.16,"Apache License, Version 2.0",https://www.apache.org/licenses/LICENSE-2.0,https://repo.maven.apache.org/maven2/org/springframework/boot/spring-boot-starter-parent/3.5.16/spring-boot-starter-parent-3.5.16.pom
org.springframework.boot,spring-boot-starter-parent,4.0.8,"Apache License, Version 2.0",https://www.apache.org/licenses/LICENSE-2.0,https://repo.maven.apache.org/maven2/org/springframework/boot/spring-boot-starter-parent/4.0.8/spring-boot-starter-parent-4.0.8.pom
org.springframework.boot,spring-boot-starter-tomcat,3.5.0,"Apache License, Version 2.0",https://www.apache.org/licenses/LICENSE-2.0,https://repo.maven.apache.org/maven2/org/springframework/boot/spring-boot-starter-tomcat/3.5.0/spring-boot-starter-tomcat-3.5.0.pom
org.springframework.boot,spring-boot-starter-tomcat,3.5.16,"Apache License, Version 2.0",https://www.apache.org/licenses/LICENSE-2.0,https://repo.maven.apache.org/maven2/org/springframework/boot/spring-boot-starter-tomcat/3.5.16/spring-boot-starter-tomcat-3.5.16.pom
org.springframework.boot,spring-boot-starter-tomcat,4.0.8,"Apache License, Version 2.0",https://www.apache.org/licenses/LICENSE-2.0,https://repo.maven.apache.org/maven2/org/springframework/boot/spring-boot-starter-tomcat/4.0.8/spring-boot-starter-tomcat-4.0.8.pom
org.springframework.boot,spring-boot-starter-tomcat-runtime,4.0.8,"Apache License, Version 2.0",https://www.apache.org/licenses/LICENSE-2.0,https://repo.maven.apache.org/maven2/org/springframework/boot/spring-boot-starter-tomcat-runtime/4.0.8/spring-boot-starter-tomcat-runtime-4.0.8.pom
org.springframework.boot,spring-boot-starter-web,3.5.0,"Apache License, Version 2.0",https://www.apache.org/licenses/LICENSE-2.0,https://repo.maven.apache.org/maven2/org/springframework/boot/spring-boot-starter-web/3.5.0/spring-boot-starter-web-3.5.0.pom
org.springframework.boot,spring-boot-starter-web,3.5.16,"Apache License, Version 2.0",https://www.apache.org/licenses/LICENSE-2.0,https://repo.maven.apache.org/maven2/org/springframework/boot/spring-boot-starter-web/3.5.16/spring-boot-starter-web-3.5.16.pom
org.springframework.boot,spring-boot-starter-web,4.0.8,"Apache License, Version 2.0",https://www.apache.org/licenses/LICENSE-2.0,https://repo.maven.apache.org/maven2/org/springframework/boot/spring-boot-starter-web/4.0.8/spring-boot-starter-web-4.0.8.pom
org.springframework.boot,spring-boot-starter-webmvc,4.0.8,"Apache License, Version 2.0",https://www.apache.org/licenses/LICENSE-2.0,https://repo.maven.apache.org/maven2/org/springframework/boot/spring-boot-starter-webmvc/4.0.8/spring-boot-starter-webmvc-4.0.8.pom
org.springframework.boot,spring-boot-tomcat,4.0.8,"Apache License, Version 2.0",https://www.apache.org/licenses/LICENSE-2.0,https://repo.maven.apache.org/maven2/org/springframework/boot/spring-boot-tomcat/4.0.8/spring-boot-tomcat-4.0.8.pom
org.springframework.boot,spring-boot-transaction,4.0.8,"Apache License, Version 2.0",https://www.apache.org/licenses/LICENSE-2.0,https://repo.maven.apache.org/maven2/org/springframework/boot/spring-boot-transaction/4.0.8/spring-boot-transaction-4.0.8.pom
org.springframework.boot,spring-boot-web-server,4.0.8,"Apache License, Version 2.0",https://www.apache.org/licenses/LICENSE-2.0,https://repo.maven.apache.org/maven2/org/springframework/boot/spring-boot-web-server/4.0.8/spring-boot-web-server-4.0.8.pom
org.springframework.boot,spring-boot-webmvc,4.0.8,"Apache License, Version 2.0",https://www.apache.org/licenses/LICENSE-2.0,https://repo.maven.apache.org/maven2/org/springframework/boot/spring-boot-webmvc/4.0.8/spring-boot-webmvc-4.0.8.pom
org.springframework.data.build,spring-data-build,3.5.0,"Apache License, Version 2.0",https://www.apache.org/licenses/LICENSE-2.0,https://repo.maven.apache.org/maven2/org/springframework/data/build/spring-data-build/3.5.0/spring-data-build-3.5.0.pom
org.springframework.data.build,spring-data-build,3.5.13,"Apache License, Version 2.0",https://www.apache.org/licenses/LICENSE-2.0,https://repo.maven.apache.org/maven2/org/springframework/data/build/spring-data-build/3.5.13/spring-data-build-3.5.13.pom
org.springframework.data.build,spring-data-build,4.0.7,"Apache License, Version 2.0",https://www.apache.org/licenses/LICENSE-2.0,https://repo.maven.apache.org/maven2/org/springframework/data/build/spring-data-build/4.0.7/spring-data-build-4.0.7.pom
org.springframework.data.build,spring-data-parent,3.5.0,"Apache License, Version 2.0",https://www.apache.org/licenses/LICENSE-2.0,https://repo.maven.apache.org/maven2/org/springframework/data/build/spring-data-parent/3.5.0/spring-data-parent-3.5.0.pom
org.springframework.data.build,spring-data-parent,3.5.13,"Apache License, Version 2.0",https://www.apache.org/licenses/LICENSE-2.0,https://repo.maven.apache.org/maven2/org/springframework/data/build/spring-data-parent/3.5.13/spring-data-parent-3.5.13.pom
org.springframework.data.build,spring-data-parent,4.0.7,"Apache License, Version 2.0",https://www.apache.org/licenses/LICENSE-2.0,https://repo.maven.apache.org/maven2/org/springframework/data/build/spring-data-parent/4.0.7/spring-data-parent-4.0.7.pom
org.springframework.data,spring-data-bom,2025.0.0,"Apache License, Version 2.0",https://www.apache.org/licenses/LICENSE-2.0,https://repo.maven.apache.org/maven2/org/springframework/data/spring-data-bom/2025.0.0/spring-data-bom-2025.0.0.pom
org.springframework.data,spring-data-bom,2025.0.13,"Apache License, Version 2.0",https://www.apache.org/licenses/LICENSE-2.0,https://repo.maven.apache.org/maven2/org/springframework/data/spring-data-bom/2025.0.13/spring-data-bom-2025.0.13.pom
org.springframework.data,spring-data-bom,2025.1.7,"Apache License, Version 2.0",https://www.apache.org/licenses/LICENSE-2.0,https://repo.maven.apache.org/maven2/org/springframework/data/spring-data-bom/2025.1.7/spring-data-bom-2025.1.7.pom
org.springframework.data,spring-data-commons,3.5.0,"Apache License, Version 2.0",https://www.apache.org/licenses/LICENSE-2.0,https://repo.maven.apache.org/maven2/org/springframework/data/spring-data-commons/3.5.0/spring-data-commons-3.5.0.pom
org.springframework.data,spring-data-commons,3.5.13,"Apache License, Version 2.0",https://www.apache.org/licenses/LICENSE-2.0,https://repo.maven.apache.org/maven2/org/springframework/data/spring-data-commons/3.5.13/spring-data-commons-3.5.13.pom
org.springframework.data,spring-data-commons,4.0.7,"Apache License, Version 2.0",https://www.apache.org/licenses/LICENSE-2.0,https://repo.maven.apache.org/maven2/org/springframework/data/spring-data-commons/4.0.7/spring-data-commons-4.0.7.pom
org.springframework.data,spring-data-jpa,3.5.0,"Apache License, Version 2.0",https://www.apache.org/licenses/LICENSE-2.0,https://repo.maven.apache.org/maven2/org/springframework/data/spring-data-jpa/3.5.0/spring-data-jpa-3.5.0.pom
org.springframework.data,spring-data-jpa,3.5.13,"Apache License, Version 2.0",https://www.apache.org/licenses/LICENSE-2.0,https://repo.maven.apache.org/maven2/org/springframework/data/spring-data-jpa/3.5.13/spring-data-jpa-3.5.13.pom
org.springframework.data,spring-data-jpa,4.0.7,"Apache License, Version 2.0",https://www.apache.org/licenses/LICENSE-2.0,https://repo.maven.apache.org/maven2/org/springframework/data/spring-data-jpa/4.0.7/spring-data-jpa-4.0.7.pom
org.springframework.data,spring-data-jpa-parent,3.5.0,"Apache License, Version 2.0",https://www.apache.org/licenses/LICENSE-2.0,https://repo.maven.apache.org/maven2/org/springframework/data/spring-data-jpa-parent/3.5.0/spring-data-jpa-parent-3.5.0.pom
org.springframework.data,spring-data-jpa-parent,3.5.13,"Apache License, Version 2.0",https://www.apache.org/licenses/LICENSE-2.0,https://repo.maven.apache.org/maven2/org/springframework/data/spring-data-jpa-parent/3.5.13/spring-data-jpa-parent-3.5.13.pom
org.springframework.data,spring-data-jpa-parent,4.0.7,"Apache License, Version 2.0",https://www.apache.org/licenses/LICENSE-2.0,https://repo.maven.apache.org/maven2/org/springframework/data/spring-data-jpa-parent/4.0.7/spring-data-jpa-parent-4.0.7.pom
org.springframework.integration,spring-integration-bom,6.5.0,"Apache License, Version 2.0",https://www.apache.org/licenses/LICENSE-2.0.txt,https://repo.maven.apache.org/maven2/org/springframework/integration/spring-integration-bom/6.5.0/spring-integration-bom-6.5.0.pom
org.springframework.integration,spring-integration-bom,6.5.10,"Apache License, Version 2.0",https://www.apache.org/licenses/LICENSE-2.0.txt,https://repo.maven.apache.org/maven2/org/springframework/integration/spring-integration-bom/6.5.10/spring-integration-bom-6.5.10.pom
org.springframework.integration,spring-integration-bom,7.0.6,"Apache License, Version 2.0",https://www.apache.org/licenses/LICENSE-2.0.txt,https://repo.maven.apache.org/maven2/org/springframework/integration/spring-integration-bom/7.0.6/spring-integration-bom-7.0.6.pom
org.springframework.pulsar,spring-pulsar-bom,1.2.18,"Apache License, Version 2.0",https://www.apache.org/licenses/LICENSE-2.0,https://repo.maven.apache.org/maven2/org/springframework/pulsar/spring-pulsar-bom/1.2.18/spring-pulsar-bom-1.2.18.pom
org.springframework.pulsar,spring-pulsar-bom,1.2.6,"Apache License, Version 2.0",https://www.apache.org/licenses/LICENSE-2.0,https://repo.maven.apache.org/maven2/org/springframework/pulsar/spring-pulsar-bom/1.2.6/spring-pulsar-bom-1.2.6.pom
org.springframework.pulsar,spring-pulsar-bom,2.0.7,"Apache License, Version 2.0",https://www.apache.org/licenses/LICENSE-2.0,https://repo.maven.apache.org/maven2/org/springframework/pulsar/spring-pulsar-bom/2.0.7/spring-pulsar-bom-2.0.7.pom
org.springframework.restdocs,spring-restdocs-bom,3.0.3,"The Apache Software License, Version 2.0",https://www.apache.org/licenses/LICENSE-2.0.txt,https://repo.maven.apache.org/maven2/org/springframework/restdocs/spring-restdocs-bom/3.0.3/spring-restdocs-bom-3.0.3.pom
org.springframework.restdocs,spring-restdocs-bom,3.0.6,"The Apache Software License, Version 2.0",https://www.apache.org/licenses/LICENSE-2.0.txt,https://repo.maven.apache.org/maven2/org/springframework/restdocs/spring-restdocs-bom/3.0.6/spring-restdocs-bom-3.0.6.pom
org.springframework.restdocs,spring-restdocs-bom,4.0.1,"The Apache Software License, Version 2.0",https://www.apache.org/licenses/LICENSE-2.0.txt,https://repo.maven.apache.org/maven2/org/springframework/restdocs/spring-restdocs-bom/4.0.1/spring-restdocs-bom-4.0.1.pom
org.springframework.security,spring-security-bom,6.5.0,"Apache License, Version 2.0",https://www.apache.org/licenses/LICENSE-2.0,https://repo.maven.apache.org/maven2/org/springframework/security/spring-security-bom/6.5.0/spring-security-bom-6.5.0.pom
org.springframework.security,spring-security-bom,6.5.11,"Apache License, Version 2.0",https://www.apache.org/licenses/LICENSE-2.0,https://repo.maven.apache.org/maven2/org/springframework/security/spring-security-bom/6.5.11/spring-security-bom-6.5.11.pom
org.springframework.security,spring-security-bom,7.0.5,"Apache License, Version 2.0",https://www.apache.org/licenses/LICENSE-2.0,https://repo.maven.apache.org/maven2/org/springframework/security/spring-security-bom/7.0.5/spring-security-bom-7.0.5.pom
org.springframework.security,spring-security-bom,7.0.7,"Apache License, Version 2.0",https://www.apache.org/licenses/LICENSE-2.0,https://repo.maven.apache.org/maven2/org/springframework/security/spring-security-bom/7.0.7/spring-security-bom-7.0.7.pom
org.springframework.session,spring-session-bom,3.5.0,"Apache License, Version 2.0",https://www.apache.org/licenses/LICENSE-2.0,https://repo.maven.apache.org/maven2/org/springframework/session/spring-session-bom/3.5.0/spring-session-bom-3.5.0.pom
org.springframework.session,spring-session-bom,3.5.7,"Apache License, Version 2.0",https://www.apache.org/licenses/LICENSE-2.0,https://repo.maven.apache.org/maven2/org/springframework/session/spring-session-bom/3.5.7/spring-session-bom-3.5.7.pom
org.springframework.session,spring-session-bom,4.0.5,Broadcom Foundation License,,https://repo.maven.apache.org/maven2/org/springframework/session/spring-session-bom/4.0.5/spring-session-bom-4.0.5.pom
org.springframework,spring-aop,6.2.19,"Apache License, Version 2.0",https://www.apache.org/licenses/LICENSE-2.0,https://repo.maven.apache.org/maven2/org/springframework/spring-aop/6.2.19/spring-aop-6.2.19.pom
org.springframework,spring-aop,6.2.7,"Apache License, Version 2.0",https://www.apache.org/licenses/LICENSE-2.0,https://repo.maven.apache.org/maven2/org/springframework/spring-aop/6.2.7/spring-aop-6.2.7.pom
org.springframework,spring-aop,7.0.9,"Apache License, Version 2.0",https://www.apache.org/licenses/LICENSE-2.0,https://repo.maven.apache.org/maven2/org/springframework/spring-aop/7.0.9/spring-aop-7.0.9.pom
org.springframework,spring-aspects,6.2.19,"Apache License, Version 2.0",https://www.apache.org/licenses/LICENSE-2.0,https://repo.maven.apache.org/maven2/org/springframework/spring-aspects/6.2.19/spring-aspects-6.2.19.pom
org.springframework,spring-aspects,6.2.7,"Apache License, Version 2.0",https://www.apache.org/licenses/LICENSE-2.0,https://repo.maven.apache.org/maven2/org/springframework/spring-aspects/6.2.7/spring-aspects-6.2.7.pom
org.springframework,spring-aspects,7.0.9,"Apache License, Version 2.0",https://www.apache.org/licenses/LICENSE-2.0,https://repo.maven.apache.org/maven2/org/springframework/spring-aspects/7.0.9/spring-aspects-7.0.9.pom
org.springframework,spring-beans,6.2.19,"Apache License, Version 2.0",https://www.apache.org/licenses/LICENSE-2.0,https://repo.maven.apache.org/maven2/org/springframework/spring-beans/6.2.19/spring-beans-6.2.19.pom
org.springframework,spring-beans,6.2.7,"Apache License, Version 2.0",https://www.apache.org/licenses/LICENSE-2.0,https://repo.maven.apache.org/maven2/org/springframework/spring-beans/6.2.7/spring-beans-6.2.7.pom
org.springframework,spring-beans,7.0.9,"Apache License, Version 2.0",https://www.apache.org/licenses/LICENSE-2.0,https://repo.maven.apache.org/maven2/org/springframework/spring-beans/7.0.9/spring-beans-7.0.9.pom
org.springframework,spring-context,6.2.19,"Apache License, Version 2.0",https://www.apache.org/licenses/LICENSE-2.0,https://repo.maven.apache.org/maven2/org/springframework/spring-context/6.2.19/spring-context-6.2.19.pom
org.springframework,spring-context,6.2.7,"Apache License, Version 2.0",https://www.apache.org/licenses/LICENSE-2.0,https://repo.maven.apache.org/maven2/org/springframework/spring-context/6.2.7/spring-context-6.2.7.pom
org.springframework,spring-context,7.0.9,"Apache License, Version 2.0",https://www.apache.org/licenses/LICENSE-2.0,https://repo.maven.apache.org/maven2/org/springframework/spring-context/7.0.9/spring-context-7.0.9.pom
org.springframework,spring-core,6.2.19,"Apache License, Version 2.0",https://www.apache.org/licenses/LICENSE-2.0,https://repo.maven.apache.org/maven2/org/springframework/spring-core/6.2.19/spring-core-6.2.19.pom
org.springframework,spring-core,6.2.7,"Apache License, Version 2.0",https://www.apache.org/licenses/LICENSE-2.0,https://repo.maven.apache.org/maven2/org/springframework/spring-core/6.2.7/spring-core-6.2.7.pom
org.springframework,spring-core,7.0.9,"Apache License, Version 2.0",https://www.apache.org/licenses/LICENSE-2.0,https://repo.maven.apache.org/maven2/org/springframework/spring-core/7.0.9/spring-core-7.0.9.pom
org.springframework,spring-expression,6.2.19,"Apache License, Version 2.0",https://www.apache.org/licenses/LICENSE-2.0,https://repo.maven.apache.org/maven2/org/springframework/spring-expression/6.2.19/spring-expression-6.2.19.pom
org.springframework,spring-expression,6.2.7,"Apache License, Version 2.0",https://www.apache.org/licenses/LICENSE-2.0,https://repo.maven.apache.org/maven2/org/springframework/spring-expression/6.2.7/spring-expression-6.2.7.pom
org.springframework,spring-expression,7.0.9,"Apache License, Version 2.0",https://www.apache.org/licenses/LICENSE-2.0,https://repo.maven.apache.org/maven2/org/springframework/spring-expression/7.0.9/spring-expression-7.0.9.pom
org.springframework,spring-framework-bom,5.3.39,"Apache License, Version 2.0",https://www.apache.org/licenses/LICENSE-2.0,https://repo.maven.apache.org/maven2/org/springframework/spring-framework-bom/5.3.39/spring-framework-bom-5.3.39.pom
org.springframework,spring-framework-bom,6.2.19,"Apache License, Version 2.0",https://www.apache.org/licenses/LICENSE-2.0,https://repo.maven.apache.org/maven2/org/springframework/spring-framework-bom/6.2.19/spring-framework-bom-6.2.19.pom
org.springframework,spring-framework-bom,6.2.7,"Apache License, Version 2.0",https://www.apache.org/licenses/LICENSE-2.0,https://repo.maven.apache.org/maven2/org/springframework/spring-framework-bom/6.2.7/spring-framework-bom-6.2.7.pom
org.springframework,spring-framework-bom,7.0.7,"Apache License, Version 2.0",https://www.apache.org/licenses/LICENSE-2.0,https://repo.maven.apache.org/maven2/org/springframework/spring-framework-bom/7.0.7/spring-framework-bom-7.0.7.pom
org.springframework,spring-framework-bom,7.0.9,"Apache License, Version 2.0",https://www.apache.org/licenses/LICENSE-2.0,https://repo.maven.apache.org/maven2/org/springframework/spring-framework-bom/7.0.9/spring-framework-bom-7.0.9.pom
org.springframework,spring-jcl,6.2.19,"Apache License, Version 2.0",https://www.apache.org/licenses/LICENSE-2.0,https://repo.maven.apache.org/maven2/org/springframework/spring-jcl/6.2.19/spring-jcl-6.2.19.pom
org.springframework,spring-jcl,6.2.7,"Apache License, Version 2.0",https://www.apache.org/licenses/LICENSE-2.0,https://repo.maven.apache.org/maven2/org/springframework/spring-jcl/6.2.7/spring-jcl-6.2.7.pom
org.springframework,spring-jdbc,6.2.19,"Apache License, Version 2.0",https://www.apache.org/licenses/LICENSE-2.0,https://repo.maven.apache.org/maven2/org/springframework/spring-jdbc/6.2.19/spring-jdbc-6.2.19.pom
org.springframework,spring-jdbc,6.2.7,"Apache License, Version 2.0",https://www.apache.org/licenses/LICENSE-2.0,https://repo.maven.apache.org/maven2/org/springframework/spring-jdbc/6.2.7/spring-jdbc-6.2.7.pom
org.springframework,spring-jdbc,7.0.9,"Apache License, Version 2.0",https://www.apache.org/licenses/LICENSE-2.0,https://repo.maven.apache.org/maven2/org/springframework/spring-jdbc/7.0.9/spring-jdbc-7.0.9.pom
org.springframework,spring-orm,6.2.19,"Apache License, Version 2.0",https://www.apache.org/licenses/LICENSE-2.0,https://repo.maven.apache.org/maven2/org/springframework/spring-orm/6.2.19/spring-orm-6.2.19.pom
org.springframework,spring-orm,6.2.7,"Apache License, Version 2.0",https://www.apache.org/licenses/LICENSE-2.0,https://repo.maven.apache.org/maven2/org/springframework/spring-orm/6.2.7/spring-orm-6.2.7.pom
org.springframework,spring-orm,7.0.9,"Apache License, Version 2.0",https://www.apache.org/licenses/LICENSE-2.0,https://repo.maven.apache.org/maven2/org/springframework/spring-orm/7.0.9/spring-orm-7.0.9.pom
org.springframework,spring-tx,6.2.19,"Apache License, Version 2.0",https://www.apache.org/licenses/LICENSE-2.0,https://repo.maven.apache.org/maven2/org/springframework/spring-tx/6.2.19/spring-tx-6.2.19.pom
org.springframework,spring-tx,6.2.7,"Apache License, Version 2.0",https://www.apache.org/licenses/LICENSE-2.0,https://repo.maven.apache.org/maven2/org/springframework/spring-tx/6.2.7/spring-tx-6.2.7.pom
org.springframework,spring-tx,7.0.9,"Apache License, Version 2.0",https://www.apache.org/licenses/LICENSE-2.0,https://repo.maven.apache.org/maven2/org/springframework/spring-tx/7.0.9/spring-tx-7.0.9.pom
org.springframework,spring-web,6.2.19,"Apache License, Version 2.0",https://www.apache.org/licenses/LICENSE-2.0,https://repo.maven.apache.org/maven2/org/springframework/spring-web/6.2.19/spring-web-6.2.19.pom
org.springframework,spring-web,6.2.7,"Apache License, Version 2.0",https://www.apache.org/licenses/LICENSE-2.0,https://repo.maven.apache.org/maven2/org/springframework/spring-web/6.2.7/spring-web-6.2.7.pom
org.springframework,spring-web,7.0.9,"Apache License, Version 2.0",https://www.apache.org/licenses/LICENSE-2.0,https://repo.maven.apache.org/maven2/org/springframework/spring-web/7.0.9/spring-web-7.0.9.pom
org.springframework,spring-webmvc,6.2.19,"Apache License, Version 2.0",https://www.apache.org/licenses/LICENSE-2.0,https://repo.maven.apache.org/maven2/org/springframework/spring-webmvc/6.2.19/spring-webmvc-6.2.19.pom
org.springframework,spring-webmvc,6.2.7,"Apache License, Version 2.0",https://www.apache.org/licenses/LICENSE-2.0,https://repo.maven.apache.org/maven2/org/springframework/spring-webmvc/6.2.7/spring-webmvc-6.2.7.pom
org.springframework,spring-webmvc,7.0.9,"Apache License, Version 2.0",https://www.apache.org/licenses/LICENSE-2.0,https://repo.maven.apache.org/maven2/org/springframework/spring-webmvc/7.0.9/spring-webmvc-7.0.9.pom
org.springframework.ws,spring-ws-bom,4.1.0,"The Apache License, Version 2.0",http://www.apache.org/licenses/LICENSE-2.0.txt,https://repo.maven.apache.org/maven2/org/springframework/ws/spring-ws-bom/4.1.0/spring-ws-bom-4.1.0.pom
org.springframework.ws,spring-ws-bom,4.1.4,"The Apache License, Version 2.0",http://www.apache.org/licenses/LICENSE-2.0.txt,https://repo.maven.apache.org/maven2/org/springframework/ws/spring-ws-bom/4.1.4/spring-ws-bom-4.1.4.pom
org.springframework.ws,spring-ws-bom,5.0.2,"The Apache License, Version 2.0",http://www.apache.org/licenses/LICENSE-2.0.txt,https://repo.maven.apache.org/maven2/org/springframework/ws/spring-ws-bom/5.0.2/spring-ws-bom-5.0.2.pom
org.testcontainers,testcontainers-bom,1.20.6,MIT,http://opensource.org/licenses/MIT,https://repo.maven.apache.org/maven2/org/testcontainers/testcontainers-bom/1.20.6/testcontainers-bom-1.20.6.pom
org.testcontainers,testcontainers-bom,1.21.0,MIT,http://opensource.org/licenses/MIT,https://repo.maven.apache.org/maven2/org/testcontainers/testcontainers-bom/1.21.0/testcontainers-bom-1.21.0.pom
org.testcontainers,testcontainers-bom,1.21.4,MIT,http://opensource.org/licenses/MIT,https://repo.maven.apache.org/maven2/org/testcontainers/testcontainers-bom/1.21.4/testcontainers-bom-1.21.4.pom
org.testcontainers,testcontainers-bom,2.0.5,MIT,http://opensource.org/licenses/MIT,https://repo.maven.apache.org/maven2/org/testcontainers/testcontainers-bom/2.0.5/testcontainers-bom-2.0.5.pom
org.tukaani,xz,1.11,0BSD,,https://repo.maven.apache.org/maven2/org/tukaani/xz/1.11/xz-1.11.pom
org.tukaani,xz,1.9,Public Domain,,https://repo.maven.apache.org/maven2/org/tukaani/xz/1.9/xz-1.9.pom
org.yaml,snakeyaml,2.4,"Apache License, Version 2.0",http://www.apache.org/licenses/LICENSE-2.0.txt,https://repo.maven.apache.org/maven2/org/yaml/snakeyaml/2.4/snakeyaml-2.4.pom
org.yaml,snakeyaml,2.5,"Apache License, Version 2.0",http://www.apache.org/licenses/LICENSE-2.0.txt,https://repo.maven.apache.org/maven2/org/yaml/snakeyaml/2.5/snakeyaml-2.5.pom
org.yaml,snakeyaml,2.6,"Apache License, Version 2.0",http://www.apache.org/licenses/LICENSE-2.0.txt,https://repo.maven.apache.org/maven2/org/yaml/snakeyaml/2.6/snakeyaml-2.6.pom
tech.picnic.error-prone-support,error-prone-contrib,0.30.0,MIT,https://opensource.org/licenses/mit-license.php,https://repo.maven.apache.org/maven2/tech/picnic/error-prone-support/error-prone-contrib/0.30.0/error-prone-contrib-0.30.0.pom
tech.picnic.error-prone-support,error-prone-support,0.30.0,MIT,https://opensource.org/licenses/mit-license.php,https://repo.maven.apache.org/maven2/tech/picnic/error-prone-support/error-prone-support/0.30.0/error-prone-support-0.30.0.pom
tech.picnic.error-prone-support,error-prone-utils,0.30.0,MIT,https://opensource.org/licenses/mit-license.php,https://repo.maven.apache.org/maven2/tech/picnic/error-prone-support/error-prone-utils/0.30.0/error-prone-utils-0.30.0.pom
tech.picnic.error-prone-support,refaster-support,0.30.0,MIT,https://opensource.org/licenses/mit-license.php,https://repo.maven.apache.org/maven2/tech/picnic/error-prone-support/refaster-support/0.30.0/refaster-support-0.30.0.pom
tools.jackson.core,jackson-core,3.1.5,"The Apache Software License, Version 2.0",https://www.apache.org/licenses/LICENSE-2.0.txt,https://repo.maven.apache.org/maven2/tools/jackson/core/jackson-core/3.1.5/jackson-core-3.1.5.pom
tools.jackson.core,jackson-core,3.1.7,"The Apache Software License, Version 2.0",https://www.apache.org/licenses/LICENSE-2.0.txt,https://repo.maven.apache.org/maven2/tools/jackson/core/jackson-core/3.1.7/jackson-core-3.1.7.pom
tools.jackson.core,jackson-databind,3.1.5,"The Apache Software License, Version 2.0",https://www.apache.org/licenses/LICENSE-2.0.txt,https://repo.maven.apache.org/maven2/tools/jackson/core/jackson-databind/3.1.5/jackson-databind-3.1.5.pom
tools.jackson.core,jackson-databind,3.1.7,"The Apache Software License, Version 2.0",https://www.apache.org/licenses/LICENSE-2.0.txt,https://repo.maven.apache.org/maven2/tools/jackson/core/jackson-databind/3.1.7/jackson-databind-3.1.7.pom
tools.jackson,jackson-base,3.1.5,"The Apache Software License, Version 2.0",http://www.apache.org/licenses/LICENSE-2.0.txt,https://repo.maven.apache.org/maven2/tools/jackson/jackson-base/3.1.5/jackson-base-3.1.5.pom
tools.jackson,jackson-base,3.1.7,"The Apache Software License, Version 2.0",http://www.apache.org/licenses/LICENSE-2.0.txt,https://repo.maven.apache.org/maven2/tools/jackson/jackson-base/3.1.7/jackson-base-3.1.7.pom
tools.jackson,jackson-bom,3.1.3,"Apache License, Version 2.0",http://www.apache.org/licenses/LICENSE-2.0.txt,https://repo.maven.apache.org/maven2/tools/jackson/jackson-bom/3.1.3/jackson-bom-3.1.3.pom
tools.jackson,jackson-bom,3.1.5,"Apache License, Version 2.0",http://www.apache.org/licenses/LICENSE-2.0.txt,https://repo.maven.apache.org/maven2/tools/jackson/jackson-bom/3.1.5/jackson-bom-3.1.5.pom
tools.jackson,jackson-bom,3.1.7,"Apache License, Version 2.0",http://www.apache.org/licenses/LICENSE-2.0.txt,https://repo.maven.apache.org/maven2/tools/jackson/jackson-bom/3.1.7/jackson-bom-3.1.7.pom
